3905,484,1020,-280,16448,16384,1040,0,0,0,
3925,-524,1080,-1036,264,1180,580,629,244,831,
3945,-1316,1696,-2788,408,896,-264,584,49,802,
3965,-1616,-484,-2388,392,596,-388,595,61,821,
3985,-1832,-3360,1452,116,400,96,607,61,806,
4005,-1216,-4132,1200,148,604,-276,613,72,809,
4025,-616,-2600,-576,-12,612,-200,606,80,818,
4045,-1516,192,-1752,164,308,-224,617,82,819,
4065,-652,1424,-1788,356,112,-340,622,85,804,
4085,956,776,-1016,404,-68,-444,624,84,821,
4105,864,-1676,128,352,-152,-488,607,70,807,
4125,-856,-2532,-52,316,-352,-476,616,90,814,
4145,-2636,-1588,-800,224,-468,-412,615,103,796,
4165,-2020,-356,-932,156,-512,-396,617,112,832,
4185,-1456,148,-720,164,-568,-344,629,109,837,
4205,-1648,-496,-448,144,-516,-348,644,96,833,
4225,-2112,-728,-572,112,-432,-400,644,96,833,
4245,-2412,-72,-900,132,-360,-364,622,92,818,
4265,-2048,-132,-704,140,-308,-292,631,106,821,
4285,-1836,-116,-644,144,-264,-232,642,113,802,
4305,-1736,-68,-520,212,-176,-196,644,108,794,
4325,-1088,-180,-292,292,-52,-156,631,120,768,
4345,-588,-8,-260,360,112,-44,631,120,768,
4365,-220,-412,-148,320,284,20,638,102,782,
4385,20,-524,40,252,400,-56,653,117,802,
4405,296,64,112,320,452,-80,635,112,775,
4425,548,-124,164,488,520,-128,625,132,820,
4445,1288,-832,492,320,476,-84,637,147,805,
4465,1440,-388,840,224,356,20,623,118,826,
4485,1464,356,-508,204,208,112,638,136,813,
4505,1464,356,-508,-248,124,320,630,113,817,
4525,-1684,-3860,-672,-84,336,24,622,101,829,
4545,820,640,828,-156,224,200,647,130,815,
4565,1124,376,-184,-216,156,256,643,127,808,
4585,628,-28,248,-240,72,156,633,116,815,
4605,668,732,440,-200,60,-24,622,119,821,
4625,668,732,440,-76,76,-80,632,103,805,
4645,892,948,664,-20,48,-68,629,111,792,
4665,1104,812,588,16,-32,-80,619,111,820,
4685,892,456,408,88,-112,-76,633,121,832,
4705,360,284,400,152,-172,-32,627,127,845,
4725,40,-164,344,152,-244,-28,617,119,837,
4745,-252,-592,68,168,-216,-24,624,121,832,
4765,-284,-732,80,124,-168,-72,629,122,792,
4785,-48,-984,36,48,-144,-112,631,114,833,
4805,232,-956,212,-32,-124,-96,603,92,803,
4825,476,-704,300,-104,-152,-72,618,86,814,
4845,572,-48,268,-132,-132,4,594,111,827,
4865,288,308,176,-136,-120,104,603,111,814,
4885,-288,172,248,-180,-20,148,609,87,828,
4905,128,-256,32,-160,104,156,600,97,792,
4925,488,-216,40,-220,160,212,607,117,818,
4945,788,-104,-116,-328,76,260,609,74,827,
4965,392,200,-220,-388,-20,324,615,100,838,
4985,-420,612,-204,-416,-80,400,642,119,817,
5005,-868,876,-244,-408,-88,380,605,79,837,
5025,-900,612,-184,-356,-140,224,609,95,815,
5045,-1180,464,-408,-360,-316,-64,618,79,827,
5065,-228,536,-252,-248,-256,-348,617,97,792,
5085,420,704,-152,-104,-204,-376,617,82,821,
5105,108,444,36,0,-216,-228,600,88,812,
5125,-376,84,508,-80,-352,-152,609,87,793,
5145,-948,692,368,-36,-260,-252,597,71,778,
5165,-964,960,140,32,-80,-388,601,98,808,
5185,144,140,228,24,-12,-396,607,93,792,
5205,828,-584,352,-4,-64,-248,602,80,810,
5225,604,-432,404,-4,-136,-68,626,122,774,
5245,-280,300,380,16,-108,72,617,97,745,
5265,-632,524,244,112,4,144,607,116,848,
5285,-436,224,204,164,100,200,602,103,805,
5305,140,-444,96,156,156,260,618,104,795,
5325,540,-648,88,88,168,316,611,111,784,
5345,892,-1304,136,-32,148,356,604,111,778,
5365,524,-1288,44,-164,20,432,604,109,790,
5385,-84,-416,60,-296,-60,476,608,83,815,
5405,-440,588,-88,-332,-84,432,601,103,812,
5425,-584,428,-112,-332,-64,320,592,55,804,
5445,-276,24,-232,-316,-44,232,604,77,818,
5465,-152,160,-444,-304,-80,176,603,95,786,
5485,-548,584,-580,-248,-132,68,597,76,760,
5505,-600,844,-668,-116,-48,-56,598,52,807,
5525,-140,536,-264,0,40,-88,603,78,810,
5545,-80,420,-72,-4,20,-124,610,80,769,
5565,-488,760,-208,0,-28,-192,607,76,799,
5585,-284,884,-172,160,76,-276,615,81,820,
5605,232,140,-116,376,180,-260,619,65,810,
5625,396,-380,-84,536,292,-80,598,73,792,
5645,400,-352,144,520,300,20,604,72,807,
5665,676,-596,572,516,308,40,581,90,824,
5685,1024,-244,712,612,368,108,610,92,817,
5705,1232,304,860,620,420,180,617,79,826,
5725,744,40,896,592,356,168,619,92,821,
5745,596,-112,696,568,300,148,613,74,815,
5765,616,188,332,672,248,168,603,85,862,
5785,388,-228,-1108,772,196,192,618,84,805,
5805,-1740,-3932,-1064,148,512,260,616,68,836,
5825,1084,-1404,444,112,260,316,586,93,822,
5845,-400,-68,-884,-100,128,420,621,80,814,
5865,-640,484,-1016,-148,96,216,609,75,843,
5885,-1268,-140,-340,-240,28,36,581,95,821,
5905,-544,-556,-368,-284,52,-52,620,80,845,
5925,100,640,-140,-260,72,16,623,80,851,
5945,368,964,-16,-220,48,44,610,94,839,
5965,64,424,-204,-144,-56,-120,590,75,825,
5985,-92,592,72,-60,-116,-264,619,87,797,
6005,128,912,144,-16,-156,-288,620,100,814,
6025,-16,268,196,32,-172,-252,605,76,823,
6045,-480,44,160,-44,-264,-256,610,61,836,
6065,-644,492,-112,-56,-296,-316,617,82,833,
6085,-260,460,-96,64,-188,-312,622,91,822,
6105,52,-16,136,176,-64,-220,614,84,817,
6125,144,-368,220,152,24,-140,614,84,817,
6145,280,-428,296,76,48,-88,599,72,833,
6165,436,-292,356,28,84,0,637,74,834,
6185,660,-448,464,20,124,176,600,76,805,
6205,700,-664,564,-112,148,352,583,108,853,
6225,288,-696,400,-320,96,408,584,86,805,
6245,12,-88,-108,-452,24,280,611,93,839,
6265,-696,476,-672,-392,-44,56,616,92,844,
6285,-696,476,-672,-232,-52,-176,593,90,802,
6305,-360,-168,-544,-152,60,-240,605,105,795,
6325,268,-568,-500,-140,176,-160,627,79,836,
6345,-88,-152,-296,-144,176,-76,611,94,812,
6365,-232,532,-80,-92,140,-84,624,90,833,
6385,-64,400,80,4,160,-128,611,98,826,
6405,196,-44,156,40,240,-188,610,69,825,
6425,148,-116,176,52,260,-228,593,88,849,
6445,-356,104,-64,32,252,-144,615,89,853,
6465,-356,104,-64,140,352,-84,606,81,847,
6485,-380,196,-248,216,416,-28,612,85,836,
6505,-180,152,-400,264,480,-60,592,100,850,
6525,-96,224,-440,280,508,-128,599,99,860,
6545,-276,176,-456,252,588,-172,617,105,850,
6565,-292,-124,-600,212,672,-148,581,84,852,
6585,8,-580,-616,184,716,-108,597,76,857,
6605,216,-700,-468,148,728,-80,589,103,860,
6625,352,-312,-384,144,740,-72,593,95,862,
6645,368,-324,36,76,856,-44,608,114,900,
6665,964,-624,-24,0,856,36,611,98,880,
6685,1340,-412,-96,-104,748,80,582,120,879,
6705,1248,196,-48,-140,616,36,582,90,892,
6725,688,368,72,-136,552,-24,605,118,876,
6745,500,356,80,-128,664,-68,600,102,924,
6765,440,296,-244,-80,712,-84,571,104,916,
6785,364,44,-288,-68,700,-76,591,97,916,
6805,280,132,-344,-64,712,-72,598,117,923,
6825,112,296,-452,-40,736,-100,586,88,914,
6845,-248,20,-532,-12,764,-160,590,96,925,
6865,-48,-320,-444,4,788,-168,575,100,924,
6885,148,-192,-424,24,792,-152,568,81,951,
6905,-32,-12,-152,-20,808,-184,578,103,944,
6925,96,-184,-28,-48,944,-200,566,103,931,
6945,140,212,-240,-32,1020,-168,558,106,925,
6965,496,612,-268,48,1016,-172,569,109,956,
6985,848,276,-132,52,924,-180,551,114,959,
7005,812,60,-128,64,832,-164,551,131,968,
7025,476,-28,-164,96,796,-176,559,106,964,
7045,756,-188,-20,112,824,-172,566,115,968,
7065,712,-304,220,68,768,-164,557,105,990,
7085,1040,-460,464,-20,732,-156,538,123,992,
7105,1112,-404,344,-96,604,-116,547,145,1010,
7125,904,-36,216,-140,484,-84,532,108,1007,
7145,684,176,92,-200,272,-120,528,130,991,
7165,580,76,88,-276,116,-124,548,129,979,
7185,348,24,-4,-324,0,-104,536,87,945,
7205,-12,276,-320,-280,-48,-48,542,108,1023,
7225,-296,432,-292,-244,-48,-40,540,96,997,
7245,-124,200,-212,-252,-40,-52,558,105,994,
7265,40,64,-228,-236,-32,-72,531,87,997,
7285,-140,276,-404,-152,-20,-64,544,100,991,
7305,-168,292,-332,-80,-8,-44,551,115,958,
7325,-216,100,-232,-80,-48,-60,556,129,1006,
7345,-232,-32,-312,-68,-52,-76,551,96,1025,
7365,-356,-20,-364,-40,-60,-76,527,97,1020,
7385,-416,-120,-412,-20,-40,-64,533,92,999,
7405,-508,-184,-424,0,-16,-56,541,96,1011,
7425,-388,-172,-280,8,24,-60,533,69,993,
7445,-240,-256,-172,-40,52,-84,546,101,1010,
7465,-48,-208,-248,-52,60,-76,555,104,1018,
7485,-96,-84,-228,-60,96,-80,549,123,991,
7505,-332,56,-240,-32,108,-88,542,110,1010,
7525,-256,-56,-12,-28,168,-100,545,123,1003,
7545,132,-156,-60,-20,208,-96,523,115,986,
7565,84,-92,-28,-20,208,-68,534,106,1011,
7585,-96,-40,-104,-28,228,-88,547,131,1001,
7605,104,-64,-120,-32,276,-112,526,119,1004,
7625,152,-108,-40,-36,300,-112,542,101,1005,
7645,28,-28,28,-56,340,-104,543,121,1028,
7665,184,-156,-68,-84,400,-112,552,108,1048,
7685,192,40,-120,-96,404,-108,525,106,1037,
7705,32,92,-192,-104,424,-112,534,128,1021,
7725,72,-4,-84,-88,556,-128,531,138,1039,
7745,404,-192,72,-156,528,-136,529,124,1046,
7765,444,-168,24,-224,488,-112,527,103,1064,
7785,76,-24,-120,-196,500,-92,510,116,1056,
7805,-140,180,32,-208,548,-104,515,116,1032,
7825,-332,152,56,-248,652,-124,540,96,1068,
7845,-44,-96,200,-368,692,-156,513,106,1063,
7865,12,-192,200,-464,684,-148,507,119,1031,
7885,-156,72,152,-456,672,-132,514,112,1057,
7905,-284,452,72,-400,664,-104,505,104,1079,
7925,-428,704,-232,-340,656,-136,509,111,1051,
7945,-640,476,-416,-264,664,-184,495,89,1061,
7965,-756,8,-312,-272,604,-268,503,112,1080,
7985,-592,-160,-480,-296,548,-312,499,100,1067,
8005,-696,32,-480,-268,528,-304,504,104,1057,
8025,-764,28,-576,-260,532,-296,483,96,1063,
8045,-488,-284,-264,-244,540,-268,487,136,1096,
8065,-416,-352,-300,-216,520,-192,486,124,1108,
8085,-596,-156,-316,-168,508,-64,480,126,1080,
8105,-696,80,-216,-108,428,64,480,130,1062,
8125,-184,68,268,-48,372,196,493,140,1086,
8145,564,-308,292,-64,328,340,483,125,1153,
8165,416,-528,376,-192,264,404,477,128,1113,
8185,356,-972,796,-308,372,424,477,109,1098,
8205,1532,-228,1144,-364,380,456,474,124,1094,
8225,2772,1312,1484,-356,268,348,468,103,1068,
8245,3220,1800,1320,-348,36,264,474,111,1112,
8265,2988,1940,892,-248,-304,224,478,88,1077,
8285,1708,1244,88,-184,-632,196,468,93,1091,
8305,208,856,456,72,-880,180,478,102,1081,
8325,-1292,156,276,292,-1076,384,502,72,1088,
8345,-2252,-460,-160,344,-1316,688,504,81,1076,
8365,-3160,-1220,-228,452,-1476,988,493,83,1063,
8385,-4076,-1736,-244,572,-1552,1316,511,91,1078,
8405,-4540,-1224,132,476,-1452,1552,519,79,1038,
8425,-4708,-1804,256,212,-1376,1360,511,82,1053,
8445,-3592,-1828,260,-184,-1444,904,520,78,1041,
8465,-2476,-1244,956,-572,-1780,468,528,50,1051,
8485,-124,528,2332,-660,-2328,-40,544,54,1030,
8505,660,5084,3812,-208,-2812,-260,558,65,1016,
8525,-192,8436,-228,668,-1752,132,567,90,998,
8545,2084,1912,-748,1668,-256,-332,571,87,1000,
8565,6516,-3852,-3348,1728,668,-348,583,122,999,
8585,7356,-10424,-1264,156,984,-216,574,88,997,
8605,636,-6172,-944,-688,216,36,569,88,1031,
8625,-20,3596,-1140,-1124,0,516,569,61,1026,
8645,-1328,4100,-540,-1272,-8,60,541,67,1007,
8665,-1552,3384,1208,-1236,164,-648,538,78,1006,
8685,-2216,2480,2168,-936,-164,-1612,545,48,972,
8705,-4148,3644,3508,-40,-684,-1852,551,61,995,
8725,-7232,6256,2732,616,-2124,-1748,557,47,1007,
8745,-6672,6224,1064,1284,-2604,-1232,551,81,960,
8765,-372,776,-464,2456,-1304,-588,535,102,985,
8785,1788,-8868,-3880,1536,-888,344,580,111,931,
8805,-204,-15064,-4168,1776,-504,1392,551,127,930,
8825,4312,-4396,1816,2376,-328,1988,563,102,969,
8845,10004,4864,6096,1932,-576,1636,571,101,952,
8865,10096,3752,5880,756,-1388,792,571,85,965,
8885,8852,-3756,-952,100,-2508,196,571,90,941,
8905,3364,-3740,-8440,1684,-1504,264,597,94,912,
8925,-388,1876,-232,1928,76,796,578,94,946,
8945,-12168,156,2932,1288,760,1184,581,90,893,
8965,-22132,-12452,7760,1728,1380,2864,575,78,956,
8985,-4380,-5644,4828,336,1620,2684,583,44,954,
9005,156,-492,-316,-2304,-944,2132,563,26,931,
9025,-4196,8812,-4356,-2532,-712,2432,560,13,945,
9045,-6984,17932,-14304,-3032,620,1348,560,13,923,
9065,9572,4732,-7896,-2368,-2780,-4752,569,24,904,
9085,18004,-8212,5348,-1012,-2016,-2172,578,25,904,
9105,9752,-4492,11088,-1544,-2060,296,563,36,871,
9125,3324,2796,4896,-2604,-520,304,586,42,865,
9145,1204,5540,-6728,-4160,40,-564,602,37,841,
9165,1488,2724,176,-4428,1448,-1224,589,39,838,
9185,-2968,2392,6428,-4300,952,-1504,566,39,850,
9205,-17172,9760,172,-3268,-2988,-3180,591,52,815,
9225,-12504,8784,3940,2688,136,-2036,600,69,807,
9245,-6724,10708,3772,6024,340,-616,588,86,821,
9265,-6216,-5168,-544,4768,3132,-1456,594,102,828,
9285,1372,-28616,-13332,2700,-804,112,621,100,855,
9305,6696,-12604,-10196,4660,-760,3564,631,104,845,
9325,12776,6072,4700,4268,-1520,2648,634,89,842,
9345,13848,4716,11092,3056,-860,1132,617,88,821,
9365,11384,-4308,5924,1924,-1864,4,595,94,823,
9385,2280,-4776,-12492,2608,-1224,180,604,75,828,
9405,-8256,5436,-4396,3180,1828,-88,599,91,860,
9425,-7944,-1968,4360,2144,2976,252,586,120,851,
9445,-15008,-15124,7556,2088,1428,1764,585,86,872,
9465,-2096,-8552,11112,-4460,-272,1488,600,88,887,
9485,-3264,800,2272,-4248,-940,2596,587,57,859,
9505,-4488,13008,-7436,-2268,1716,1372,585,21,866,
9525,-7484,24408,-17788,-1912,-900,-4948,566,8,846,
9545,13016,3184,-5564,-2300,-2680,-5468,576,27,860,
9565,16936,-8244,5940,-1360,-3060,-1396,583,58,839,
9585,5304,-8588,3968,-444,-60,1456,624,87,822,
9605,3280,656,5032,-2532,-40,468,646,68,825,
9625,7960,1332,3484,-2752,-804,-868,609,53,850,
9645,6792,6832,40,-3360,-412,-1548,590,51,794,
9665,3384,5796,188,-5152,936,-2116,590,81,790,
9685,-6204,-1284,7328,-5944,-204,-2908,581,110,810,
9705,-32768,-2592,-796,-1032,-2348,-2560,618,102,794,
9725,-11772,15136,2284,4932,784,500,597,130,776,
9745,-852,4976,-3780,4680,2660,112,632,120,787,
9765,2512,-19416,-13792,3316,2016,-356,618,150,819,
9785,11632,-13928,-7528,3388,-300,2704,634,120,794,
9805,11728,980,5516,2792,-1904,2392,615,109,792,
9825,6624,3004,5516,1656,-2448,696,621,88,762,
9845,6008,-924,5492,1280,-1884,-404,608,112,772,
9865,5356,-1856,1616,1036,-1012,-176,592,102,784,
9885,2276,-1792,-9808,2044,300,224,581,87,760,
9905,-2888,8928,776,3056,2204,284,617,84,781,
9925,-19916,200,3208,1788,3100,1196,599,97,796,
9945,-19452,-23184,12608,1696,1448,2308,604,74,791,
9965,4364,-6688,5528,-2944,236,1216,608,60,838,
9985,-2056,9384,-13464,-5604,-272,460,588,74,808,
10005,-5532,19472,-16892,-2648,-772,-4632,584,40,800,
10025,17800,1112,1444,-2032,-4128,-3468,604,82,812,
10045,14128,-2168,7508,-1276,-2824,424,606,112,775,
10065,-1992,-1592,4332,-1708,-104,1328,632,98,732,
10085,3940,-1572,3684,-2236,36,-388,593,71,752,
10105,6708,3232,3408,-2368,-360,-1460,606,106,754,
10125,5308,7720,-668,-4752,1144,-1952,601,108,735,
10145,2440,2864,1976,-6148,1396,-2628,616,108,772,
10165,-32768,10380,9088,-2748,-4896,-2752,610,120,750,
10185,884,15932,3352,4612,1432,1252,612,125,755,
10205,-5748,-7876,-12748,7684,2424,2616,602,119,763,
10225,-5748,-7876,-12748,4408,4596,-792,597,124,768,
10245,9324,-31656,-15804,3124,92,1252,636,150,795,
10265,14580,-3264,-2228,2780,-2044,3140,634,116,760,
10285,11204,6192,8384,1008,-2840,1520,633,114,731,
10305,5496,1892,5100,1256,-2100,216,606,92,759,
10325,3696,-80,5936,992,-1380,256,603,81,745,
10345,3468,-2312,2388,452,-656,492,601,96,731,
10365,2068,-2360,-8920,1700,1136,332,607,83,744,
10385,-4020,12600,2284,2296,2688,-256,615,86,739,
10405,-28980,-2156,4336,-148,1844,56,616,85,753,
10425,-11472,-19548,10472,-692,680,160,618,69,780,
10445,3988,-40,-932,-4572,-456,548,626,76,796,
10465,-5488,12984,-21436,-3104,1092,812,628,83,768,
10485,18644,-5192,5740,-1888,-2992,-4428,656,65,790,
10505,18644,-2892,7996,-1196,-4116,-1832,632,126,753,
10525,-2712,-2552,2948,-1568,-1776,1020,617,139,746,
10545,5732,2124,5620,-1516,-104,456,602,105,753,
10565,5252,7300,-1808,-2248,-228,-476,606,87,728,
10585,2068,4340,-3756,-4316,1672,-1376,610,111,693,
10605,-3144,-6196,2452,-5788,1368,-2096,624,150,702,
10625,-26100,7076,8884,-3020,-2624,-2000,621,185,735,
10645,-3744,15604,6576,1020,-52,-224,602,173,718,
10665,-1908,-2080,-5404,6208,392,2228,580,163,738,
10685,-1908,-2080,-17800,6156,3820,72,613,164,723,
10705,-1536,-25784,-17800,3260,2388,364,636,161,742,
10725,13304,-12056,-10368,3272,-1440,2536,618,150,749,
10745,11272,6488,5652,1600,-2784,1604,619,121,737,
10765,5340,3716,4916,1164,-2604,392,633,120,715,
10785,1420,3048,4176,1140,-1992,456,588,105,707,
10805,1112,200,4764,852,-908,504,622,83,708,
10825,-2176,4828,-3516,876,460,576,607,97,689,
10845,-7760,9476,11776,1596,4548,-244,604,82,714,
10865,-26948,-22896,7880,-688,-616,1164,613,85,780,
10885,4456,-7552,10176,-3160,592,684,600,91,773,
10905,-1124,6760,-17424,-6124,72,568,610,99,766,
10925,-1676,23176,-19196,-1180,2760,160,608,82,768,
10945,15432,296,-2048,-2680,-1116,-3396,599,96,766,
10965,12416,-5420,7072,-1076,-4088,-4100,605,110,750,
10985,-4644,-4272,4608,-1104,-3128,776,594,131,692,
11005,-200,-72,4272,-1116,-488,1904,594,131,692,
11025,5316,5980,1488,-1276,176,396,613,124,709,
11045,3380,6540,-4248,-2588,1428,-672,609,122,681,
11065,1992,-60,992,-4264,1272,-1512,586,112,678,
11085,-7240,-4064,6008,-3892,-280,-2024,596,137,722,
11105,-21192,12076,10588,-1252,-2644,-1724,578,154,701,
11125,2664,5024,944,3448,608,1052,604,161,717,
11145,-7748,-9480,-15244,7508,2012,1424,577,142,711,
11165,-7748,-9480,-15244,3212,5080,-228,614,155,738,
11185,11648,4784,-168,2796,-1140,1720,602,126,734,
11205,7012,6128,7320,2036,-2208,1596,601,116,675,
11225,2928,2600,4652,1156,-2936,288,601,102,691,
11245,552,144,4972,1600,-2328,164,592,93,691,
11265,2136,-6056,-2436,1148,-124,888,575,97,668,
11285,-6068,3360,-10220,3196,2568,184,597,94,666,
11305,-4668,10220,14036,2084,5064,-796,613,102,689,
11325,-20904,-18056,7876,-1072,-404,-240,624,90,735,
11345,-480,-14828,16092,-3504,604,44,610,97,741,
11365,-3116,5776,-13916,-6036,-116,940,588,94,731,
11385,-2860,30576,-16576,-368,2452,108,608,70,748,
11405,12144,8324,-12876,-1736,-1036,-3976,608,70,748,
11425,15012,-11856,3896,-1796,-2660,-4252,593,93,748,
11445,7148,-11156,5544,-828,-3252,-1140,605,146,725,
11465,-2008,-2968,5432,-1128,-2172,1900,606,168,705,
11485,912,2336,5248,-1832,-532,1308,583,156,706,
11505,2520,8484,-2232,-1980,188,-144,617,151,691,
11525,1384,6468,-3768,-2956,1768,-1072,612,150,671,
11545,-1508,-1940,5980,-3984,988,-1208,618,172,713,
11565,-17860,1300,10040,-2996,-2972,-1380,594,191,694,
11585,-10144,12636,6084,528,-176,-688,559,155,667,
11605,-2720,-528,-6332,5716,60,1756,599,150,676,
11625,-2952,-23448,-20532,6460,4656,236,616,165,703,
11645,14080,-11756,-9744,1936,1232,616,598,140,734,
11665,12524,7528,6444,2504,-1352,1272,579,134,715,
11685,9904,4900,5204,996,-2092,1016,609,137,693,
11705,-692,3504,4568,1204,-3276,592,582,113,637,
11725,-2984,-3364,5152,1256,-2588,636,606,110,607,
11745,44,-9492,-6936,324,-484,720,589,100,676,
11765,-5064,7928,-1200,1692,1856,840,589,105,661,
11785,-9996,4824,11624,2488,3264,-264,611,128,687,
11805,-18112,-21864,12168,332,3776,-480,610,120,683,
11825,3684,-3196,4364,-6124,500,-328,610,120,683,
11845,-5100,21208,-23716,-2200,1352,520,620,121,708,
11865,8460,19676,-16240,-1916,392,-476,596,121,676,
11885,15344,-5368,2416,-1900,-2564,-2428,594,150,693,
11905,9548,-7680,6120,-320,-2328,-832,599,131,686,
11925,-2064,-8756,4892,-40,-3264,424,603,130,673,
11945,-6028,-1292,4420,-992,-484,1000,582,137,675,
11965,5916,1940,2268,-2488,-128,-764,589,166,628,
11985,5140,7376,-4312,-2404,980,-1648,606,194,628,
12005,1700,3612,1496,-3388,1312,-1164,601,195,633,
12025,-13596,-2296,7256,-3600,-644,-980,592,205,642,
12045,-16708,8852,9384,-1696,-556,-1852,578,207,662,
12065,1120,5724,-1996,1864,748,532,571,200,663,
12085,-4712,-4396,-15096,7064,1372,784,575,206,697,
12105,6788,-19148,-15848,4436,4120,104,602,197,706,
12125,14264,-3128,2732,2512,-276,1356,601,159,710,
12145,9936,2288,6076,1692,-1484,1224,606,154,718,
12165,3496,2736,4208,864,-3024,240,601,149,683,
12185,-3572,1356,5544,724,-3012,192,567,141,632,
12205,-2496,-7364,-4536,280,-1348,276,575,144,636,
12225,-11340,3708,-11156,632,1076,448,579,128,645,
12245,960,8876,15024,2448,5352,56,598,121,676,
12265,-15324,-13080,8712,-1096,-708,456,608,140,686,
12285,-2884,-16948,14132,-3368,208,336,619,173,700,
12305,1220,5948,-6660,-6236,620,404,624,147,714,
12325,-964,25972,-22644,-1416,908,300,610,128,732,
12345,11584,11232,-13044,-2124,-792,-2512,628,152,704,
12365,11524,-6988,4304,-2012,-2400,-2236,599,163,692,
12385,3600,-10588,4344,-468,-2520,-744,579,169,695,
12405,-3816,-5280,5672,-432,-1680,1308,559,171,682,
12425,-128,2372,4860,-1140,156,1240,584,168,660,
12445,4444,8352,-2976,-1428,456,-636,606,167,658,
12465,2044,4152,-6712,-3124,2272,-1492,606,212,686,
12485,-2024,-8016,6416,-4544,664,-1232,593,203,695,
12505,-16480,3692,12236,-2604,-2200,-1712,555,206,648,
12525,-8500,15020,4032,308,1260,-1312,566,221,699,
12545,2636,1628,-2864,4276,-540,552,586,206,688,
12565,-5300,-17960,-19796,6800,3880,-712,591,215,682,
12585,13596,-16020,-10516,1268,1680,696,587,185,712,
12605,11708,7884,4636,2212,-972,2096,585,208,730,
12625,9564,4796,4688,1360,-3172,448,597,197,675,
12645,1820,2124,5424,1376,-3108,40,579,147,668,
12665,-5644,-2768,7192,108,-740,8,587,153,661,
12685,-3564,-12540,-6188,924,2044,796,591,177,644,
12705,-6236,4632,-7188,2456,3652,636,597,182,666,
12725,-1084,9536,15444,420,4264,-788,621,154,685,
12745,-18308,-11428,7764,-2488,-512,-620,609,169,685,
12765,-2224,-12364,10076,-4688,92,-912,593,168,716,
12785,-484,12464,-17240,-3964,72,-152,570,176,687,
12805,3316,24888,-16904,-1072,476,96,626,171,714,
12825,14468,4472,-7732,-1588,-2228,-2396,604,196,737,
12845,10684,-9052,6788,-964,-1988,-1564,620,214,703,
12865,2248,-14112,4416,-216,-2944,-216,587,223,694,
12885,-7468,-5940,7056,-644,-1064,1644,597,219,633,
12905,2704,3872,3732,-1704,292,236,566,211,695,
12925,2860,11968,-7636,-1924,688,-820,599,203,680,
12945,-2084,1892,-6004,-3756,1960,-1200,616,233,700,
12965,-4896,-6912,9932,-3716,-60,-1188,579,244,700,
12985,-14168,10380,11552,-1020,-996,-1784,573,260,699,
13005,-1364,8908,3428,1472,300,-264,582,253,689,
13025,-3028,-6888,-8580,5144,716,-36,600,253,705,
13045,1172,-20696,-23376,4540,5048,-1376,585,270,708,
13065,16076,-1940,-3252,1676,-680,2656,595,283,705,
13085,13052,7384,6992,2100,-2724,1040,604,240,687,
13105,8644,4260,5556,1328,-4092,152,573,208,659,
13125,-6392,2760,6476,884,-2732,-392,589,200,650,
13145,-8924,-5140,6412,512,68,464,562,197,634,
13165,-3636,-11832,-12720,2816,3796,1088,575,205,660,
13185,-4668,10684,-1084,2908,4024,220,586,175,670,
13205,-1960,2116,13868,252,2940,444,616,179,657,
13225,-17540,-19624,9840,-2884,-1304,-300,587,166,678,
13245,2468,-6012,7776,-5652,-400,108,593,196,721,
13265,-2604,18792,-22088,-3284,952,736,594,192,691,
13285,4060,21628,-17176,-1440,-520,-1404,591,207,706,
13305,14416,-4104,-2152,-2436,-2476,-2664,597,210,724,
13325,11616,-10420,7452,-1016,-1484,-780,615,223,711,
13345,3740,-8072,5468,-220,-2804,1180,600,225,697,
13365,-5472,-324,5160,-932,-924,2108,587,222,670,
13385,884,3736,4136,-1764,44,36,579,218,666,
13405,2944,9604,-5740,-2048,580,-1204,566,235,644,
13425,224,904,-2564,-3804,1804,-1252,577,231,677,
13445,-5640,-4532,8152,-4056,664,-768,579,244,678,
13465,-17628,5872,11308,-1632,-1884,-2760,591,253,658,
13485,-6120,10204,1956,1796,1436,-1620,569,259,681,
13505,-1112,-2856,-9584,5344,880,880,586,257,689,
13525,1280,-17228,-21460,4564,4500,-164,566,271,730,
13545,15132,-8264,-3980,1180,-792,1956,578,263,712,
13565,12292,7276,5860,2788,-712,1920,570,211,671,
13585,9800,3336,4680,1296,-2192,1100,572,198,649,
13605,308,1856,5372,1160,-2640,-204,563,195,651,
13625,-7064,-2496,4748,-464,-800,152,569,219,605,
13645,-5996,-11916,-6384,1368,3592,152,587,194,629,
13665,-6220,3260,-6828,3124,4024,592,584,178,634,
13685,-2788,11052,17948,480,4740,-156,581,211,668,
13705,-18520,-16180,6196,-3004,-1692,-200,601,198,659,
13725,-472,-10128,8140,-5064,-428,-284,588,201,671,
13745,-1104,15272,-16772,-4132,1064,240,587,210,693,
13765,2012,24512,-18272,-788,412,-328,598,231,734,
13785,16108,-188,-5352,-2412,-2344,-2728,600,242,708,
13805,11992,-12336,9136,-1584,-1516,-1376,573,264,690,
13825,6116,-11568,3748,560,-2556,472,581,256,659,
13845,-8168,-880,6164,-700,-1696,2108,584,260,664,
13865,-408,3348,3356,-1996,276,204,602,234,644,
13885,3272,9824,-8056,-1968,184,-1124,568,242,670,
13905,-2460,3268,-6552,-3560,2108,-1348,604,263,667,
13925,-4172,-6484,8284,-3604,668,-652,614,288,678,
13945,-10908,7952,12052,-744,-1112,-1388,584,277,713,
13965,-5552,13812,4720,1688,272,-560,569,286,676,
13985,-284,-4032,-4160,4656,196,-356,569,305,709,
14005,-4556,-18928,-19988,952,-68,1172,567,287,708,
14025,14492,-12912,-8148,2244,-692,2232,553,285,715,
14045,13432,10444,4532,1104,-1316,1084,582,256,715,
14065,10728,6408,5664,1956,-3644,484,572,232,679,
14085,1116,1352,5832,1776,-2632,-400,559,239,688,
14105,-7472,-4536,5580,528,-608,116,555,246,659,
14125,-4804,-10692,-3084,1452,2424,1024,568,265,610,
14145,-8520,-436,-13712,3208,3840,772,583,227,647,
14165,-420,13188,15292,184,4620,-572,589,209,669,
14185,-18096,-18452,7484,-3020,-1704,-580,602,218,711,
14205,-260,-12896,12660,-5820,-532,-572,578,249,685,
14225,-360,11436,-10580,-5264,-444,524,582,226,702,
14245,-2600,31572,-15960,-1208,1996,668,576,247,713,
14265,11600,11492,-14760,-1152,-2848,-2852,578,259,709,
14285,14348,-14212,4936,-1516,-1820,-2492,574,294,711,
14305,8840,-18608,4280,-236,-2240,-128,549,291,691,
14325,-2996,-4304,6292,-728,-1660,1892,581,285,682,
14345,-956,3932,5192,-2308,108,980,581,256,675,
14365,3448,6224,124,-2068,-588,-820,584,267,678,
14385,-1708,8060,-6248,-2780,1612,-1124,577,293,702,
14405,-3480,-3036,480,-2040,-224,-536,569,304,726,
14425,-10212,-548,9456,808,-96,-1264,577,318,728,
14445,-11932,15732,9444,3536,-56,36,560,341,714,
14465,-12,3568,1868,6452,2328,-468,539,299,702,
14485,-8960,-11824,-15268,2360,4308,-1024,549,304,718,
14505,10512,-25696,-18824,1808,-2128,3084,567,315,720,
14525,14852,5912,-1120,1740,-408,1756,574,295,672,
14545,12312,11004,7732,1260,-2540,692,576,262,703,
14565,9412,2820,4680,2152,-3844,364,578,275,687,
14585,-2692,-256,6520,1240,-2388,-288,570,244,604,
14605,-9368,-7248,3360,408,1508,224,563,274,623,
14625,-11568,-12988,-17584,3104,4320,1088,580,246,644,
14645,-1696,14916,9324,1488,4980,-52,575,272,654,
14665,-8740,-3368,11312,-1620,-400,-416,597,235,699,
14685,-8528,-18008,11548,-4116,-628,-828,588,235,688,
14705,1772,676,3304,-6144,-1136,360,582,290,716,
14725,-4944,22832,-21844,-2080,1136,276,563,278,692,
14745,7016,19572,-17100,-1140,-1308,-2048,588,278,692,
14765,14988,-8828,-532,-2368,-1932,-3020,546,318,694,
14785,12564,-17012,5736,-1244,-1424,-768,572,280,697,
14805,3136,-5916,5832,-152,-2740,1212,566,279,678,
14825,-5360,4560,5944,-992,-812,2148,564,284,693,
14845,-652,5692,3572,-1548,32,-172,565,290,670,
14865,-312,8924,-7700,-2396,780,-1132,562,299,654,
14885,-4448,-4180,-2108,-4088,2192,-984,572,317,708,
14905,-2944,-6456,8224,-3172,780,-520,554,332,721,
14925,-15356,15152,10220,1980,332,-700,563,312,721,
14945,-1912,9540,3448,5908,-76,-236,565,319,717,
14965,-1220,-6480,-6828,3628,5184,-1100,560,357,693,
14985,-72,-21204,-19916,840,-1468,2180,561,319,708,
15005,14240,-8028,-6040,2348,-1024,2352,565,330,725,
15025,11724,13340,4404,1200,-1240,768,573,288,691,
15045,9936,5372,4744,2200,-3500,528,580,283,649,
15065,1880,-172,5684,2112,-2880,-172,553,277,637,
15085,-7288,-4756,4904,192,-188,372,550,292,621,
15105,-11560,8448,-7572,2320,4008,760,575,272,653,
15125,592,6696,15836,2280,4064,112,574,262,650,
15145,-12752,-19732,8964,-1080,2392,-704,572,264,679,
15165,1720,-6420,8752,-3024,-1628,-1320,579,278,694,
15185,1720,14044,-10636,-5588,-1132,-540,551,274,697,
15205,-3764,14044,-10636,-4744,1300,240,573,289,718,
15225,-2516,26780,-21420,-752,1552,8,566,293,714,
15245,16964,3432,-8244,-2416,-2924,-3056,564,291,708,
15265,14076,-12488,7508,-1360,-1628,-1516,559,306,707,
15285,7500,-10740,4824,620,-2176,564,572,345,690,
15305,-8260,-3168,6276,-296,-2348,2004,557,331,681,
15325,-3072,2388,3208,-2280,-44,300,565,327,690,
15345,5712,3944,-1288,-2064,-816,-1656,547,329,690,
15365,1332,7192,-3776,-2716,1492,-1372,552,350,718,
15385,-1716,-3776,1904,-4188,1304,-516,554,338,743,
15405,-13244,-1396,8856,-2036,-508,-512,555,358,738,
15425,1476,1664,-332,3636,108,644,536,369,717,
15445,-9952,-10824,-15936,6252,3240,-192,541,343,700,
15465,11228,-20412,-15364,2028,2568,-268,548,350,747,
15485,15768,4532,680,2244,-1036,2220,572,328,717,
15505,12328,7976,6172,1728,-808,1608,572,328,717,
15525,7492,2612,4820,1640,-2964,920,554,316,689,
15545,-4332,-536,5704,1916,-3440,236,522,294,676,
15565,-9064,-9356,-2384,368,-1656,-120,559,303,599,
15585,-16048,-1812,-14308,1184,2916,-172,544,304,638,
15605,1972,10540,14420,2724,3844,184,551,310,663,
15625,-12872,-14604,9132,944,4632,-40,559,309,657,
15645,-1956,-13288,12368,-1616,-896,236,591,319,672,
15665,-1956,-13288,12368,-4088,-276,480,555,314,699,
15685,1716,5452,44,-6508,-576,448,574,279,737,
15705,-2568,22080,-22108,-1672,680,-296,568,309,707,
15725,7212,16736,-14136,-1676,-1028,-3448,569,309,699,
15745,13736,-8460,1496,-2484,-1760,-3212,569,333,730,
15765,556,-4224,5112,-568,-2052,2012,525,336,716,
15785,-1268,2708,4124,-1648,-312,1656,559,353,724,
15805,3068,4976,1612,-1516,-716,-436,545,344,704,
15825,-2160,7156,-6320,-2528,980,-1008,561,362,714,
15845,-3496,-5372,-2388,-3792,1464,-664,556,389,730,
15865,-6956,-684,8608,-1716,516,356,543,364,754,
15885,-12920,15280,11400,1192,-300,-196,552,379,732,
15905,-1212,5424,4140,3676,-124,-28,542,367,741,
15925,-7304,-12124,-10516,5664,2212,148,551,365,728,
15945,4412,-25616,-20600,2600,5292,-716,558,367,765,
15965,14384,-392,-5280,1504,-2428,2408,558,367,765,
15985,12680,12664,5824,1588,-748,1868,584,361,735,
16005,10368,5120,5712,836,-1856,900,564,339,717,
16025,904,1100,5452,2064,-3700,604,576,301,711,
16045,-7228,-3212,5252,1900,-2904,-168,545,301,665,
16065,-7472,-11888,-6952,620,16,844,548,308,618,
16085,-7976,5612,-7300,2328,4368,808,569,299,644,
16105,-1964,9040,13756,2416,3996,-96,575,281,694,
16125,-16448,-17768,8772,-204,2584,-240,563,287,723,
16145,400,-9324,11392,-5812,-900,-392,568,298,717,
16165,-1228,11760,-15296,-5324,-224,-664,576,297,718,
16185,-2024,24848,-16552,-708,780,-716,575,331,748,
16205,14564,6444,-10412,-2060,-2096,-3336,569,335,726,
16225,13884,-14484,6868,-1932,-1636,-2212,564,337,771,
16245,8012,-14292,5264,-64,-2052,272,556,365,735,
16265,-2924,-648,6724,-768,-2172,2168,530,339,688,
16285,-3732,5956,3712,-1792,404,928,537,329,718,
16305,1892,8656,-4844,-1900,-408,-1216,533,361,699,
16325,-3492,3604,-9016,-3492,2344,-1400,562,385,716,
16345,-3772,-8656,4004,-3588,1212,-196,590,363,778,
16365,-8844,8092,10292,-560,-708,-220,532,376,779,
16385,-7724,15924,9772,1416,-60,-460,532,376,779,
16405,-328,-76,2256,4380,-264,-844,540,358,779,
16425,-10328,-18512,-16060,5052,4936,-764,540,370,726,
16445,15040,-24216,-17352,1696,2008,-92,533,376,770,
16465,15004,10352,-460,1960,-2576,3472,562,347,738,
16485,11884,10916,6624,1104,-280,1408,548,361,738,
16505,7652,3956,5116,1932,-3036,680,546,325,723,
16525,-6188,-1468,5376,2456,-3996,128,543,336,652,
16545,-7620,-7572,5436,800,-1360,-496,542,325,671,
16565,-1820,-11732,-7728,-44,600,412,559,314,655,
16585,-6112,9116,-2524,1696,3344,696,549,318,705,
16605,-9884,7192,12656,1984,3952,-248,563,350,713,
16625,-15268,-19672,7084,-1416,1452,-196,554,337,718,
16645,3272,-3512,7412,-3248,-956,-460,559,342,713,
16665,-3804,17884,-20152,-2840,-316,-548,561,336,725,
16685,4812,22816,-14396,-596,592,-1656,555,327,751,
16705,15268,-2596,-2092,-2052,-2536,-2712,542,370,741,
16725,11808,-14084,5340,-732,-1648,-1416,523,390,723,
16745,2896,-12516,4892,-536,-2632,884,509,385,685,
16765,-2800,536,4824,-1936,-988,1660,544,358,723,
16785,2604,3188,340,-2156,-728,-148,539,385,687,
16805,464,9984,-4884,-2000,596,-1020,528,394,704,
16825,-2720,2636,-3084,-3368,1716,-728,528,391,754,
16845,-9620,-3976,8124,-2584,1140,440,547,414,751,
16865,-10464,9548,10388,-52,-640,-64,537,398,794,
16885,-2336,9672,6060,1892,-96,-152,517,376,793,
16905,-5952,-6228,-5420,4992,568,-500,544,395,718,
16925,-2424,-20100,-21652,3516,5664,-868,541,434,751,
16945,14988,-7628,-8092,1392,-612,1820,534,403,746,
16965,13764,10936,4260,2064,-196,2184,568,376,748,
16985,11732,5024,5904,1244,-1328,1408,540,361,742,
17005,3228,792,5656,2080,-4068,808,544,343,684,
17025,-7336,-4044,5472,2180,-3256,-372,533,323,656,
17045,-6656,-12740,-5024,304,-236,124,546,353,674,
17065,-10308,3064,-8920,1320,3016,656,541,325,682,
17085,-2952,11532,14760,2396,4036,24,565,321,747,
17105,-16492,-16416,8280,-368,3192,-508,552,351,707,
17125,600,-10300,12328,-2756,-572,-652,563,343,744,
17145,-1640,11312,-14580,-5452,-136,-304,553,332,744,
17165,-400,28396,-14732,-4596,-452,-396,559,357,758,
17185,14164,9788,-12852,-1052,-2104,-2660,562,379,759,
17205,13764,-14452,5132,-1600,-1352,-2376,530,396,749,
17225,8780,-20196,3912,-464,-2336,-208,544,382,724,
17245,-2924,-3372,6344,-1236,-2192,1932,524,374,739,
17265,-1988,4860,3112,-2412,-104,820,555,397,757,
17285,1628,8832,-1776,-1696,-468,-644,529,395,692,
17305,-3276,7932,-7892,-2964,2372,-988,537,399,765,
17325,-5624,-6132,2008,-3512,1516,-168,543,389,782,
17345,-7532,2412,9852,-1112,-180,-476,542,390,813,
17365,-8688,14960,9748,996,-244,-600,548,388,798,
17385,192,2836,2228,4528,-312,-572,527,395,788,
17405,-6400,-13244,-13184,6344,3172,-436,541,430,754,
17425,8360,-21340,-17244,2528,2928,164,524,398,797,
17445,14076,3040,-2320,2128,-1608,2656,531,393,770,
17465,11980,7772,6160,1348,-528,1328,531,365,766,
17485,8508,3012,4760,1184,-2540,644,534,373,723,
17505,-2432,-468,5200,1512,-3872,-92,556,365,694,
17525,-7808,-5576,5208,292,724,516,520,348,671,
17545,-5652,-11444,-7528,2252,3808,1020,523,374,690,
17565,-6672,10808,-1876,2172,4216,-212,548,364,715,
17585,-6468,5820,12124,-808,1596,56,586,368,704,
17605,-16512,-17316,7636,-2784,-364,44,565,351,730,
17625,1740,-4896,9208,-5940,-336,-276,556,333,727,
17645,-664,14872,-19308,-3652,-748,-552,542,362,747,
17665,2252,22324,-13856,-440,684,-964,548,370,724,
17685,15340,2792,-6468,-2112,-1712,-2428,552,398,728,
17705,12168,-16048,6056,-1512,-1292,-1984,550,414,776,
17725,4868,-16184,4916,-200,-2784,104,529,411,722,
17745,-4036,1076,6856,-2176,-1116,1960,530,412,746,
17765,824,6424,1640,-2164,-148,136,524,393,776,
17785,-1968,13724,-7684,-2080,-4,-776,531,397,786,
17805,-8892,1896,-10728,-3664,2532,-756,566,432,792,
17825,-936,-6788,6748,-2120,1060,200,551,423,827,
17845,-5024,9592,11912,100,-608,576,536,383,768,
17865,-4252,10928,8084,2520,-712,176,518,408,789,
17885,-3112,-5888,704,5040,-72,-972,511,428,765,
17905,-6548,-24660,-15240,3472,5824,-564,526,414,804,
17925,14504,-15496,-15104,1692,540,3532,533,386,756,
17945,15372,14384,616,276,-936,928,559,402,776,
17965,11520,9136,7224,1656,-3704,208,550,364,768,
17985,4036,3720,4340,2120,-3456,-284,542,370,715,
18005,-10208,-1792,5028,1348,-336,308,534,361,703,
18025,-3344,-4512,4940,948,1036,1684,557,367,693,
18045,1140,-8232,-5100,1704,2888,944,542,336,687,
18065,-3284,4944,-2872,2252,2884,-332,555,346,716,
18085,-13024,6716,9632,-480,2296,400,573,363,739,
18105,-17016,-18088,6940,-2732,-912,220,594,329,706,
18125,1584,-6152,9856,-6512,-156,-700,548,351,730,
18145,-3908,12840,-21012,-4280,216,-1120,556,384,771,
18165,3364,22976,-15420,-544,832,-844,565,361,777,
18185,18124,-880,-3448,-1960,-1728,-1840,572,382,797,
18205,13604,-12564,8488,-1272,-2140,-1100,548,374,785,
18225,3712,-11968,7100,-824,-2908,428,530,371,778,
18245,-6580,1992,5548,-1632,-1372,1964,517,381,783,
18265,-988,5876,1020,-2244,288,-12,541,371,777,
18285,1584,11128,-9916,-2204,588,-1280,557,388,788,
18305,-5324,-288,-7372,-3968,1664,-552,574,402,818,
18325,-2720,-4376,7176,-1952,248,124,557,389,805,
18345,-12308,13684,12084,236,-1196,-136,539,370,821,
18365,-2808,9480,8536,3276,-444,-120,532,370,808,
18385,-4712,-6420,-596,7132,164,-696,546,381,786,
18405,-5328,-25176,-20328,4168,7864,-108,555,368,807,
18425,18048,-15212,-12724,1604,-1156,1944,547,359,789,
18445,14344,11592,2772,392,-620,896,569,347,763,
18465,10628,8308,6696,1308,-3564,260,556,340,746,
18485,6092,3404,4200,1856,-4392,-464,557,344,727,
18505,-7000,-1456,3296,1072,-544,-500,550,348,703,
18525,-4464,-5204,3796,360,976,760,550,339,708,
18545,220,-7328,-4500,1844,3132,780,562,341,725,
18565,-3808,9936,2332,2044,2100,-372,582,340,709,
18585,-16476,2796,11092,-788,1024,396,565,347,729,
18605,-18224,-19100,7288,-2672,96,60,552,357,730,
18625,2652,-2588,7552,-6368,256,-912,556,341,769,
18645,-4524,14024,-23220,-2892,496,-652,524,333,764,
18665,6508,21968,-14812,-684,972,-1048,551,358,760,
18685,17724,-1668,-2212,-2232,-1888,-2096,533,393,758,
18705,13244,-10240,7680,-792,-1912,-932,550,383,783,
18725,3372,-11896,3284,-180,-3536,280,532,379,775,
18745,-6916,-484,5072,-1472,-1080,1532,547,374,731,
18765,444,4488,-1120,-1644,-124,44,545,344,745,
18785,-1096,8412,-6692,-2228,1656,-1048,552,361,766,
18805,-6288,440,-2680,-2928,1876,-420,554,393,821,
18825,-5364,180,9640,-1352,636,8,538,408,780,
18845,-8152,10212,12344,300,-508,-564,545,395,793,
18865,-980,6356,5608,3488,-188,-776,535,396,814,
18885,-2188,-4992,-7876,7068,908,360,522,355,782,
18905,4448,-21688,-18036,3536,5520,500,521,365,787,
18925,10052,-11208,-7976,2188,-1052,1508,569,367,759,
18945,8584,9660,1656,1016,-1684,340,545,334,750,
18965,7868,5784,4676,1316,-2280,-276,541,360,737,
18985,-1096,-1472,5264,1040,-2420,-424,557,345,698,
19005,-1096,-1472,5264,-12,-996,-220,561,346,699,
19025,-5252,-11180,-6116,1264,2704,88,550,352,663,
19045,-16360,6036,-6540,2600,3396,-196,554,323,704,
19065,-3236,9400,14712,280,3220,-184,573,344,720,
19085,-13844,-18896,7796,-2200,-1024,272,561,332,741,
19105,-744,-8504,11960,-4764,-264,404,533,352,721,
19125,-2184,10972,-9784,-4644,812,-284,547,326,746,
19145,-1332,25984,-19396,-216,824,-628,563,346,772,
19165,13492,8052,-10680,-1188,-1532,-2944,591,370,773,
19185,16724,-16648,4120,-2124,-356,-1960,540,395,772,
19205,11812,-17248,4084,-292,-1592,-444,524,380,743,
19225,-2836,640,5536,-1652,-3624,1804,540,362,722,
19245,-6312,4564,1756,-2460,-416,944,547,348,774,
19265,1348,6844,1212,-1256,-444,-864,533,361,765,
19285,1572,11332,-520,-1784,1904,-304,544,374,779,
19305,-648,2504,-520,-1452,1140,260,553,377,812,
19325,-15600,7244,11312,1128,-812,-500,538,381,789,
19345,-1672,6608,5872,3740,264,-140,531,392,803,
19365,-3100,-9560,-7928,6924,1436,752,525,388,811,
19385,6732,-25304,-19904,2876,5504,884,548,391,798,
19405,15508,-7536,-9696,1384,-1212,3212,574,389,797,
19425,11240,10828,4032,1672,-1296,1580,558,363,781,
19445,8132,8064,3676,904,-1540,360,573,357,755,
19465,8132,8064,3676,1492,-4172,-144,568,366,741,
19485,-2552,4920,3748,1452,-2100,-608,578,340,712,
19505,-8064,-1080,6860,1044,932,572,562,354,690,
19525,-2956,-9012,-3948,1888,2520,928,539,334,721,
19545,-7772,564,-6916,2288,3656,-184,574,336,715,
19565,-3716,8640,7904,836,3640,-328,580,350,717,
19585,-15056,-11200,7896,-1764,-932,696,578,348,764,
19605,-1700,-12172,12540,-4652,-548,668,566,334,779,
19625,-188,7276,-4020,-6520,-516,-576,555,309,777,
19645,8796,12764,-11412,-1420,424,-1116,570,318,761,
19665,14092,-11084,3972,-1164,-988,-2672,538,335,808,
19685,9676,-15732,4484,-948,-1912,-1044,529,367,771,
19705,-1104,512,4856,-1272,-2628,1408,541,367,759,
19725,-3348,6200,2192,-1984,-396,1152,539,373,751,
19745,868,6308,-340,-1516,-524,-848,553,358,784,
19765,-1440,6660,-6128,-1992,1348,-1320,553,391,772,
19785,-6460,-2560,-2884,-2456,1844,120,553,391,772,
19805,-4508,-1676,9136,-872,644,664,550,381,798,
19825,-9544,12044,11844,1280,-860,48,556,358,833,
19845,-836,5504,5140,3884,-220,-560,539,343,812,
19865,-4816,-10724,-8288,5916,1828,384,534,365,789,
19885,6916,-21280,-20152,3124,5168,244,544,371,791,
19905,12632,-3560,-6620,1636,-2180,2764,546,364,762,
19925,11528,9120,5108,1968,-1072,1160,570,338,800,
19945,11528,9120,5108,1172,-1616,292,583,330,781,
19965,7512,3740,5920,1488,-3444,-256,557,347,733,
19985,-2272,836,5572,992,-1840,-768,552,329,734,
20005,-5768,-11180,-9404,584,364,504,548,359,707,
20025,-11212,11476,-6152,2472,3056,824,562,346,721,
20045,-408,6116,9400,2960,4500,-372,586,340,743,
20065,-14412,-21840,8480,-56,1736,64,562,371,784,
20085,2288,-6288,11604,-2260,-1220,236,590,326,764,
20105,-2844,12144,-11300,-4772,152,-468,548,337,804,
20125,1720,22652,-15824,-1256,104,-536,561,334,776,
20145,11156,4824,-8244,-1684,-1496,-3432,547,349,751,
20165,13988,-18128,4900,-2664,204,-2492,552,363,758,
20185,9084,-12748,4092,-540,-1400,-332,525,380,792,
20205,-384,6088,6064,-1044,-3512,2200,536,374,797,
20225,-6388,8484,2628,-2260,-144,996,538,367,781,
20245,1844,3788,636,-1980,-1112,-1648,538,364,787,
20265,1596,7568,-5132,-1436,1040,-1708,520,377,797,
20285,-2356,-2992,-4180,-2608,1936,-276,544,367,801,
20305,-8796,-5408,6728,-1688,1108,784,544,367,801,
20325,-12900,11420,10724,768,-428,-392,541,381,843,
20345,-3120,10716,6184,3408,224,-312,517,369,809,
20365,-1016,-8428,-4664,6508,760,808,534,361,786,
20385,632,-21340,-17216,3704,5304,804,530,393,829,
20405,14092,-14844,-8852,1544,-1276,2588,566,365,814,
20425,12604,9784,2404,2396,-1724,3056,563,328,758,
20445,9028,7032,4868,724,-1192,944,556,332,754,
20465,3444,3768,3636,1352,-3012,-188,545,337,752,
20485,-5992,0,4696,1940,-3104,-708,550,346,711,
20505,-5496,-7176,552,748,-904,116,549,366,677,
20525,-7640,-4456,-10144,1432,1616,772,543,287,712,
20545,-7752,14268,4580,3048,3864,432,558,325,693,
20565,-11600,-7264,9300,1176,3476,-852,556,314,725,
20585,-4516,-19088,11764,-2372,-1068,-300,568,349,729,
20605,-1068,5948,2260,-4264,-1112,200,574,315,747,
20625,-4288,19528,-23556,-1712,1868,-288,569,343,778,
20645,10124,14164,-14844,-1228,-1592,-1088,576,335,754,
20665,18960,-12440,1464,-2936,-1240,-2160,549,377,801,
20685,13116,-14252,8676,-1464,-1092,-784,543,361,791,
20705,1964,404,6048,-492,-3832,696,562,357,766,
20725,-10236,6944,2868,-1240,-428,1916,572,332,743,
20745,-1000,5284,2000,-1036,160,-692,571,343,781,
20765,3668,8208,-4120,-1024,632,-1676,561,365,763,
20785,-3500,-668,-848,-2352,1544,-496,561,387,815,
20805,-8184,-7156,5160,-2368,1716,744,561,370,797,
20825,-15812,10404,8568,496,-1176,-600,551,356,832,
20845,-3472,11236,6448,2548,-12,-988,557,331,804,
20865,-312,-6288,-3404,6876,500,-40,549,362,792,
20885,-404,-21064,-20308,4628,6892,764,557,361,785,
20905,17040,-14552,-9448,1432,-680,2244,585,361,767,
20925,13808,10480,2740,2056,-1752,1892,557,336,762,
20945,9812,7432,5684,952,-728,368,549,337,730,
20965,2840,2888,4084,1492,-3616,76,547,334,739,
20985,-9220,-1452,5028,1868,-3696,-832,536,342,676,
21005,-5316,-11636,-2752,564,248,-656,533,330,682,
21025,-5068,-2120,-5324,1272,2172,680,554,320,718,
21045,-7060,11172,7496,992,3604,-504,570,322,732,
21065,-13796,-5488,7964,-1816,-140,-188,580,359,756,
21085,-4248,-13644,10640,-3916,-40,76,562,330,733,
21105,1388,5856,-3032,-5880,-152,-460,583,337,759,
21125,-732,19064,-19504,-1352,504,-1172,568,337,804,
21145,9772,13788,-12776,-1152,-520,-1652,562,347,791,
21165,15212,-10112,1740,-2588,-952,-2416,539,327,756,
21185,12236,-16212,4676,-980,-1092,-1292,532,371,796,
21205,1160,-3216,5804,-524,-3516,792,534,400,807,
21225,-9148,5652,4444,-1436,-368,1856,562,363,797,
21245,-1516,7172,1072,-1172,192,-424,549,370,762,
21265,1008,9500,-5956,-1112,876,-1476,556,363,798,
21285,-6488,-596,-5708,-2176,2164,-352,548,388,803,
21305,-4764,-6500,8176,-1136,1188,488,567,371,836,
21325,-8788,7804,11024,1016,-896,-12,534,374,823,
21345,-4012,9280,6192,3260,-464,-540,531,373,801,
21365,132,-7252,-3548,5780,116,-360,519,382,798,
21385,1168,-20852,-18712,3596,6496,424,534,378,803,
21405,16692,-18288,-11664,688,-656,2132,565,381,798,
21425,11044,16936,1744,2100,-2264,3076,558,344,763,
21445,7792,10888,5684,2032,-3088,-164,562,330,727,
21465,3856,3204,4240,1972,-4104,-528,552,340,723,
21485,-7620,-3328,5300,752,-908,-484,555,358,695,
21505,-7284,-9204,2992,876,1080,1060,560,330,705,
21525,-5676,-9240,-7360,2116,3196,684,561,317,709,
21545,-8380,12520,796,1796,4284,-828,555,327,723,
21565,-8852,2148,9684,-1252,884,260,550,357,743,
21585,-10076,-20268,11112,-3644,-844,596,576,323,731,
21605,1620,1264,6196,-6856,4,36,562,345,770,
21625,-1224,16576,-20884,-2972,340,-936,556,327,774,
21645,5112,23428,-15696,-736,-388,-1388,568,344,799,
21665,17684,-6556,-2816,-2564,-988,-2672,562,369,808,
21685,14732,-21840,5360,-1844,-1000,-1248,553,369,793,
21705,4980,-6776,7284,-596,-3048,360,518,394,793,
21725,-7864,7240,5240,-1480,-1576,2140,544,384,773,
21745,-4704,8280,1788,-1784,408,180,546,358,796,
21765,1352,9008,-4992,-1936,336,-1736,565,374,786,
21785,-7108,-1280,-6164,-3176,1636,-716,560,386,814,
21805,-2324,-6000,4132,-2472,1396,260,550,390,866,
21825,-9184,8144,9752,-196,-416,-4,532,374,827,
21845,-7424,13680,8592,2312,-200,-684,516,356,819,
21865,2940,-2780,208,6076,-96,-328,538,402,774,
21885,-1896,-15904,-11644,1796,2356,1696,542,370,797,
21905,12104,-25408,-13444,1560,-1992,3160,548,362,805,
21925,10116,5552,-4072,808,-1024,876,562,344,782,
21945,9352,11508,5348,1008,-1772,-224,580,328,775,
21965,5996,4136,3888,1892,-3512,-348,568,337,760,
21985,-1996,-376,3752,1280,-1292,-552,547,319,740,
22005,-3712,-4596,4936,312,360,472,541,328,708,
22025,-5452,-11180,-7160,2008,2868,912,537,344,698,
22045,-12408,10368,-3880,1604,3344,-720,572,344,749,
22065,-6904,4588,8804,-508,2180,-988,558,346,743,
22085,-10776,-15424,9156,-2684,-980,356,557,343,768,
22105,-228,-2568,8732,-4768,-280,812,563,335,766,
22125,-1924,11824,-13384,-3172,-256,-356,581,339,789,
22145,3056,20608,-14812,-512,44,-852,551,342,813,
22165,12548,2132,-6764,-532,-584,-2248,536,372,810,
22185,15748,-17900,5884,-2156,236,-1864,548,368,823,
22205,9692,-12600,4828,-1224,-2080,-1000,537,360,792,
22225,-2184,3012,4744,-1308,-3812,1108,549,350,775,
22245,-8592,8140,1060,-1360,80,1532,561,364,766,
22265,-692,8904,-4372,-1100,188,-644,542,366,768,
22285,-4472,3708,-6524,-1692,1588,-1024,586,382,791,
22305,-7420,-4776,1548,-2072,1936,512,555,359,805,
22325,-1588,-452,9164,-548,728,536,568,359,815,
22345,-8904,11864,11440,1156,-1272,-484,542,353,837,
22365,-1172,1956,3764,3344,-296,-1460,530,362,793,
22385,-116,-9712,-8948,5800,1640,0,541,373,766,
22405,8304,-19800,-16720,468,-1756,3020,552,392,770,
22425,12804,-3476,-5828,1876,-684,1612,551,359,761,
22445,11124,12868,4120,860,-1156,96,543,341,782,
22465,6760,5152,4992,1848,-3912,-284,537,336,754,
22485,-1356,-1600,3216,1628,-2540,-688,541,364,743,
22505,-7244,-3796,4688,988,-392,836,562,363,726,
22525,-3624,-6324,184,1092,1160,1480,554,322,705,
22545,-7420,-4732,-8956,2496,3308,-20,546,337,677,
22565,-9404,13352,2216,1612,3736,-1452,568,326,710,
22585,-8112,-3488,8160,-1120,748,-48,574,354,771,
22605,-6452,-17040,10232,-2972,-1220,888,574,329,762,
22625,1724,3456,5028,-5644,-768,668,569,333,738,
22645,-2220,14636,-16508,-3244,260,-1260,561,341,770,
22665,2824,19852,-15140,-524,-356,-1420,534,333,786,
22685,17336,-5056,-2228,-2072,-196,-2928,564,368,776,
22705,14680,-21424,5172,-2292,-124,-1068,536,387,825,
22725,6436,-6376,6112,-376,-2416,12,546,369,783,
22745,-8356,7720,4276,-1360,-2604,2148,550,343,792,
22765,-5940,7564,552,-1652,-28,768,571,331,804,
22785,2672,6552,-2764,-1080,-152,-1596,543,369,759,
22805,-1960,2880,-5376,-2192,2076,716,553,379,797,
22825,-7612,-6160,1972,76,672,932,541,368,788,
22845,-9540,15712,9868,2264,-780,-380,566,349,811,
22865,2496,-2220,2756,4468,-116,-996,551,366,803,
22885,-412,-14252,-8136,6272,1324,-300,556,379,758,
22905,10780,-27288,-17284,2076,5084,272,561,362,790,
22925,10780,-27288,-17284,612,-1620,3524,558,401,781,
22945,13308,360,-6384,992,-1256,1996,556,366,776,
22965,10812,16388,5112,184,-636,-44,556,323,756,
22985,6488,8340,4844,1672,-4544,-452,565,315,750,
23005,-2840,2320,3428,1540,-2752,-1200,555,357,738,
23025,-8580,-4856,5544,292,560,-336,535,330,707,
23045,-2596,-11120,-1976,800,1476,972,529,351,685,
23065,-7156,-2224,-10004,2488,3204,720,533,316,704,
23085,-7560,14900,4800,1328,3452,-660,578,320,741,
23105,-10448,-5008,7824,-1340,112,24,589,373,764,
23125,-6208,-16692,10812,-2696,-732,960,561,334,760,
23145,1544,4616,3812,-5688,-152,700,562,336,781,
23165,7592,16036,-12436,-3580,388,-1288,569,317,802,
23185,16940,-5192,-2220,-2472,-56,-2408,557,348,800,
23205,12632,-15656,6336,-1920,-408,-1684,552,356,806,
23225,3656,-3840,5140,-744,-3496,-68,538,376,815,
23245,-9308,6192,3784,-1248,-2012,2128,558,367,790,
23265,-3356,5984,448,-1440,-164,520,551,357,786,
23285,2540,6408,-4100,-1032,-88,-1652,559,344,766,
23305,-4600,-420,-6016,-1956,1620,-816,544,349,777,
23325,-7184,-6948,4228,-2304,2116,1000,561,397,803,
23345,-7184,-6948,4228,84,372,440,567,381,831,
23365,-10516,7520,8948,2184,-644,-852,543,373,834,
23385,-9104,15220,9396,4832,-88,-852,545,362,795,
23405,4124,-3832,1380,6472,1488,412,515,382,771,
23425,-108,-13732,-10200,2092,4024,996,554,384,798,
23445,11272,-25104,-14432,1008,-1704,3564,568,376,794,
23465,11792,1544,-4776,1292,-1096,1544,554,327,799,
23485,10524,14492,5424,484,-1312,12,566,335,788,
23505,-3308,-276,3804,1744,-4140,-484,573,347,751,
23525,-5592,-4784,5200,1816,-1816,-940,563,314,732,
23545,-3396,-12212,-5940,716,652,500,569,320,725,
23565,-12152,4732,-8580,1436,2060,1180,579,356,774,
23585,-5676,11108,8396,2216,3692,-64,555,333,750,
23605,-10128,-12184,7920,288,3140,-1352,558,345,758,
23625,-1504,-7908,10164,-3520,-368,716,563,361,798,
23645,152,8524,-3900,-5380,-736,532,563,361,798,
23665,852,16012,-15500,-1428,704,-1660,553,324,771,
23685,8388,11284,-11832,-924,-848,-1656,597,330,772,
23705,17072,-12672,2264,-2500,560,-2624,554,365,800,
23725,10720,-17724,5256,-1660,460,-1580,549,372,799,
23745,4348,-208,4800,-888,-4456,380,522,397,814,
23765,-8896,7460,4496,-1552,-2320,1996,548,360,782,
23785,-4072,7696,316,-1624,148,260,538,388,766,
23805,-4072,7696,-3440,-1200,-228,-1524,548,365,803,
23825,176,8096,-3440,-1936,2384,-1048,544,370,791,
23845,-3120,-8164,4892,-2360,1860,636,543,385,850,
23865,-6628,5608,8728,112,476,320,547,359,849,
23885,-9564,14192,8408,2404,-1272,-788,528,389,842,
23905,632,-1356,1060,4288,-308,-944,529,379,764,
23925,-2260,-14184,-11692,5836,2296,596,538,395,794,
23945,12540,-22956,-15052,2712,4752,748,566,365,805,
23965,13348,4292,-2260,1400,-2268,3728,568,345,776,
23985,10032,10820,5768,1964,-976,1692,569,340,760,
24005,5552,4204,3544,872,-1832,120,564,343,743,
24025,-3800,36,5408,1668,-3892,-364,559,333,705,
24045,-7356,-5116,3860,1660,-1856,-700,537,329,699,
24065,-8848,-11732,-8952,700,360,508,551,331,718,
24085,-12340,13196,-4316,2448,3128,788,570,325,707,
24105,-2476,6016,8648,2940,4144,-572,556,326,768,
24125,-9452,-20684,8528,580,-1456,128,556,326,768,
24145,1340,-3376,9560,-4448,-632,416,558,353,758,
24165,-524,10492,-7616,-6016,-1212,60,552,360,731,
24185,-1424,18500,-16880,-1708,564,-848,570,334,759,
24205,10244,5560,-8392,-664,-1204,-2516,544,324,749,
24225,17444,-16092,3600,-2736,136,-2620,525,375,773,
24245,10272,-14840,5516,-1508,-604,-980,549,385,804,
24265,1004,3968,5968,-1232,-4064,1020,527,379,764,
24285,-7052,8632,2472,-2128,-904,1684,561,358,764,
24305,-860,5788,1220,-1832,-344,-420,552,371,788,
24325,288,7388,-4708,-1580,-4,-1736,551,385,822,
24345,-5376,-2404,-5636,-2596,2148,-596,583,369,848,
24365,-5312,-5252,5872,-2000,1792,1196,543,370,819,
24385,-10908,10280,8916,472,-44,480,569,367,837,
24405,-5108,10544,6204,2640,-520,-440,541,369,804,
24425,696,-6624,-764,5340,-228,-616,530,380,786,
24445,-2288,-18624,-14716,5072,3944,372,552,379,785,
24465,14244,-19676,-12960,1832,2912,504,547,364,802,
24485,13612,12400,248,1100,-2776,3316,541,336,786,
24505,10196,10640,6248,924,-624,1232,541,343,747,
24525,5576,3880,3324,756,-1476,36,541,343,747,
24545,-5156,-1020,4276,1668,-4592,-152,558,334,751,
24565,-6312,-5744,5072,468,192,512,560,342,720,
24585,-6088,-12944,-8172,1916,3104,1052,547,354,730,
24605,-11568,9292,-4888,2696,3912,80,560,321,751,
24625,-6644,6088,9444,488,2944,-564,589,315,745,
24645,-9460,-16416,7852,-2048,-1240,152,593,335,762,
24665,940,-4004,9872,-4384,-1188,852,560,350,742,
24685,-3772,11616,-6984,-6856,-604,56,569,319,782,
24705,840,17720,-17480,-2188,1716,-1752,562,334,781,
24725,9964,6888,-9128,-644,-964,-1704,541,366,820,
24745,18916,-13856,2276,-2388,728,-2244,548,381,811,
24765,10964,-11712,7860,-1096,-508,-1260,538,377,811,
24785,1476,2072,3996,-944,-4612,504,537,376,761,
24805,-8820,5656,3152,-1548,-1612,1620,551,385,801,
24825,-2060,6432,-1564,-1084,56,-212,569,368,795,
24845,-2092,5772,-3564,-1284,552,-1224,571,375,801,
24865,-6416,-3628,-4268,-2244,2404,-428,549,368,829,
24885,-3700,-3156,6908,-1496,1928,832,553,378,850,
24905,-9664,11276,9660,1116,-28,220,546,346,839,
24925,-3468,5572,6604,2480,-948,-796,558,374,809,
24945,952,-8204,-1780,4568,-160,-1040,559,385,790,
24965,128,-18972,-16368,2276,4072,1368,553,377,807,
24985,15976,-16596,-13096,1832,-1780,4512,563,363,793,
25005,13724,13404,-60,1752,-364,1068,556,362,765,
25025,8684,10588,6844,1132,-2312,-300,548,341,768,
25045,2640,3488,4440,1612,-4556,-472,568,330,732,
25065,-10328,-1668,6376,1360,-1120,-752,553,346,684,
25085,-8892,-9924,-1512,1396,1160,748,575,360,706,
25105,-13692,-5072,-13856,3524,3784,1084,561,367,746,
25125,448,13652,1432,2628,4812,-156,553,326,790,
25145,-7000,-6172,8620,-244,936,-196,576,348,772,
25165,-5160,-19228,11344,-2404,-416,-180,569,332,778,
25185,1792,2780,7232,-5112,-780,1156,591,315,776,
25205,-836,12708,-7432,-5884,-1256,1000,569,331,779,
25225,216,20056,-15600,-2440,820,-600,601,312,810,
25245,9080,2812,-7136,-904,-1336,-2904,585,342,811,
25265,18696,-19320,2016,-2608,1108,-3180,527,388,838,
25285,9960,-10504,6632,-2012,-484,-1260,562,380,843,
25305,-640,6472,5076,-1104,-4384,596,555,378,822,
25325,-10512,11508,2352,-1372,-956,2136,542,344,800,
25345,140,4736,1196,-1368,56,-96,560,331,788,
25365,824,4308,-6064,-1036,-4,-1700,533,354,800,
25385,-6384,-6880,-6772,-2348,2220,-544,565,344,809,
25405,-2188,-4324,4700,440,24,312,559,359,838,
25425,-11816,11168,9320,2340,-888,-668,564,352,814,
25445,-6628,11488,6976,4888,-796,-1300,556,379,804,
25465,3568,-5876,408,6384,1440,40,523,379,793,
25485,-616,-16436,-11308,2852,4276,1212,538,374,806,
25505,11208,-21000,-12888,1304,-1628,3616,573,358,812,
25525,11660,6824,-2528,1332,-844,1596,582,337,800,
25545,10008,11664,5628,680,-1536,120,552,327,802,
25565,4496,4780,5088,1476,-3700,-236,579,342,746,
25585,-3668,-1432,5444,1452,-2252,-568,568,339,743,
25605,-6356,-5784,2872,740,52,620,558,335,703,
25625,-10540,-10412,-10104,2148,2736,1112,569,311,709,
25645,-10224,11328,-5188,2252,4164,-592,590,319,737,
25665,-4960,880,7488,336,2548,-744,583,338,762,
25685,-5372,-17096,9472,-1948,-1092,-212,580,343,763,
25705,616,-244,8924,-4144,-948,1084,567,323,722,
25725,-2064,12584,-5584,-5852,-880,816,551,307,782,
25745,-84,18780,-17168,-2172,1344,-1488,555,312,798,
25765,8920,3248,-7980,-544,-2100,-1700,553,330,776,
25785,18292,-16924,4860,-1748,348,-2864,549,379,781,
25805,10488,-12020,7660,-1040,960,-1616,553,386,820,
25825,3864,3540,4600,-920,-3708,-16,544,381,771,
25845,-10816,10144,3780,-1208,-2704,2028,550,370,787,
25865,-4520,6600,-1120,-1616,384,212,545,346,790,
25885,1004,5200,-7540,-1428,-380,-1972,553,361,772,
25905,-5436,-6400,-8260,-2264,1996,996,569,379,799,
25925,-4380,-5956,5276,236,200,792,547,383,820,
25945,-7612,10960,9092,2016,-1276,-244,559,351,786,
25965,-5900,10300,8376,3480,-1328,-1684,531,351,767,
25985,800,-5180,1940,5240,612,-460,537,361,760,
26005,-2092,-12500,-10016,3736,5176,792,530,380,792,
26025,9808,-17276,-14540,1396,-936,2652,575,367,762,
26045,13172,3752,-3424,1804,-1072,2220,557,352,785,
26065,12260,9704,5280,1024,-932,288,578,332,768,
26085,6104,2932,5000,1792,-3480,-224,577,332,764,
26105,-2340,-188,5060,1688,-2952,-588,560,339,726,
26125,-7380,-4928,4744,452,-272,64,547,338,729,
26145,-7496,-12664,-6664,792,1196,828,570,333,694,
26165,-15548,9724,-9496,2748,4104,-60,558,327,704,
26185,-868,9656,8892,996,4028,-1372,570,347,730,
26205,-10756,-19716,7412,-2456,-1588,-276,573,348,728,
26225,-1340,-6588,10756,-3616,-908,496,549,348,721,
26245,-2768,11652,-3068,-6368,-1084,1172,575,313,772,
26265,-52,15644,-16116,-2820,1184,-1268,579,324,802,
26285,7840,9020,-8640,-864,-1076,-1276,547,365,765,
26305,18700,-11520,2364,-1860,1060,-1484,536,396,797,
26325,11928,-12936,6588,-1212,-3128,-352,520,377,777,
26345,4396,1584,4276,-1784,-3024,1516,531,358,762,
26365,-7412,6552,924,-2236,-364,440,560,369,754,
26385,-648,3304,-1404,-900,-348,-1520,543,376,796,
26405,4036,6200,-1376,-624,1016,-916,550,406,789,
26425,504,4856,-2916,-1588,2008,504,556,390,812,
26445,-11184,-4668,1132,-872,1820,1488,548,403,801,
26465,-14648,-1324,7308,1676,-304,0,543,383,817,
26485,-8788,11636,8504,2904,-260,-868,533,384,784,
26505,528,-1624,1220,5364,1600,448,541,394,785,
26525,-1412,-11256,-10516,3460,3776,1520,535,370,798,
26545,10592,-17036,-15092,1724,72,2080,559,366,781,
26565,14652,-888,-4436,1764,-672,2028,551,346,755,
26585,11688,7432,6688,768,-1188,812,556,337,774,
26605,6496,5256,3968,964,-3436,4,568,318,762,
26625,-4956,4356,4800,1452,-3284,-748,553,329,710,
26645,-7216,-3800,5640,712,4,-560,563,338,725,
26665,-4884,-10928,-8212,2020,2308,684,544,335,710,
26685,-10040,6800,-6956,3480,3748,1196,564,310,736,
26705,-9216,-14332,8048,-944,-528,144,586,317,750,
26725,604,-4884,10536,-2780,-1448,720,600,314,758,
26745,604,-4884,10536,-5920,-1548,688,580,298,754,
26765,-1880,7944,-300,-4720,580,-1552,582,308,767,
26785,-1140,12944,-16548,-1200,24,-1100,569,314,803,
26805,6096,10688,-12332,-2044,252,-2248,560,321,783,
26825,17044,-12800,-720,-2472,812,-1564,557,343,812,
26845,11480,-15024,6148,-1444,-2920,-776,538,360,805,
26865,4964,2108,5148,-1316,-3756,1664,533,362,807,
26885,-6508,9312,5736,-1564,316,1240,543,342,827,
26905,-4152,7380,852,-1240,-164,-1020,556,334,784,
26925,1224,6000,-4272,-1408,1496,-1364,524,344,784,
26945,-4488,-1040,-6588,-2572,2328,496,550,384,813,
26965,-5812,-7532,3260,-1036,1244,788,541,354,802,
26985,-9556,6480,7272,1392,-960,-504,550,346,823,
27005,2368,-1428,3112,3720,-356,-852,551,359,794,
27025,2368,-1428,-8540,6116,-144,-384,531,344,768,
27045,-2512,-12968,-8540,3896,5496,224,555,366,770,
27065,10044,-23616,-14516,820,604,1120,573,367,783,
27085,11736,15328,4764,1196,-2380,2892,553,346,774,
27105,7236,6340,3804,788,128,444,553,341,776,
27125,-2740,-24,3292,1412,-2968,152,571,326,780,
27145,-2740,-24,5524,564,-404,-696,563,326,708,
27165,-11268,-6540,5524,632,1188,648,566,330,715,
27185,-5204,-12228,-5692,1704,3152,740,576,356,702,
27205,-8500,1244,-8756,1064,3112,-1272,555,325,740,
27225,-5132,11956,5212,-464,1800,-836,563,322,784,
27245,-7040,-5236,8124,-1916,-1200,836,557,341,800,
27265,-4288,-9584,8944,-3724,-1004,1736,576,353,750,
27285,396,4728,3380,-5052,-440,472,563,330,760,
27305,-1168,12056,-12540,-2428,504,-980,565,349,795,
27325,1816,12952,-16116,-496,-292,-2800,567,346,773,
27345,17528,-5468,-1952,-2908,1520,-2148,566,350,780,
27365,15464,-18340,3892,-1512,-1316,-1112,574,364,801,
27385,7540,-3212,6384,-400,-4288,704,523,346,840,
27405,-8688,9576,752,-1016,-864,1836,555,347,791,
27425,-1380,4068,-1188,-768,-456,-252,560,349,774,
27445,-4796,1080,-6584,-684,-56,-1500,568,343,800,
27465,-7332,-10032,-3052,-1820,2668,-228,524,351,777,
27485,792,904,6680,-1632,2132,1372,540,361,814,
27505,-11704,15252,9728,924,-172,744,561,366,829,
27525,-3012,4948,6592,2820,-1544,-560,554,356,804,
27545,2012,-7768,436,4100,-1484,-1952,524,348,779,
27565,2012,-7768,436,5548,880,-676,513,361,753,
27585,-1088,-17308,-12992,2896,6328,212,543,363,772,
27605,14252,-21036,-12436,204,-1448,3764,559,339,780,
27625,13096,12100,-1340,1544,-1216,2496,555,331,771,
27645,10264,10736,5588,728,-488,-196,550,313,745,
27665,5584,2544,3592,1856,-3364,-76,583,307,737,
27685,-2476,-2092,4148,1760,-3852,-192,565,307,748,
27705,-9288,-6388,3276,760,1268,888,542,323,726,
27725,-10300,-9392,-7228,2364,4176,260,565,313,689,
27745,-556,8192,6740,1084,3280,-1372,578,314,731,
27765,-7348,-12664,8344,-808,924,-936,567,339,727,
27785,-3128,-7768,10088,-1996,-1040,860,558,348,786,
27805,820,7620,1116,-4160,-724,1736,549,342,795,
27825,576,13832,-13604,-4692,-988,112,566,326,803,
27845,2544,12440,-11808,-2512,436,-740,577,337,800,
27865,16272,-9832,-5148,-360,-164,-2808,558,360,785,
27885,14948,-21956,5904,-1900,1488,-2332,558,360,785,
27905,7184,-4392,5900,-2332,36,-560,578,389,786,
27925,-4996,10668,5148,-1364,-4100,224,580,356,811,
27945,-11332,12712,364,-900,-1492,1920,566,339,777,
27965,944,5724,-3576,-1232,508,220,550,344,776,
27985,-3232,728,-7676,-980,376,-1512,564,346,813,
28005,-7120,-8428,-2796,-2092,2320,-200,555,375,798,
28025,-316,-620,6784,-1628,2012,1288,560,374,840,
28045,-316,-620,6784,512,576,912,566,353,846,
28065,-11636,15072,10096,2932,-1252,-404,574,369,832,
28085,-5436,7824,7900,4412,-1316,-2028,578,374,837,
28105,300,-18132,-11988,3816,5532,-120,556,384,772,
28125,15460,-20484,-12780,840,192,2664,550,365,757,
28145,12944,9748,-3744,1152,-1684,2696,563,352,745,
28165,8756,12140,5008,720,-1196,-116,577,344,724,
28185,2920,2476,4096,1936,-3504,-412,571,327,715,
28205,-4136,-4576,4232,1772,-2268,-268,549,335,707,
28225,-5200,-6308,3628,1000,80,360,573,312,730,
28245,-7884,-9740,-10132,648,500,1520,576,319,714,
28265,-16076,14288,-7452,2524,3832,-12,566,317,715,
28285,-920,4316,5564,796,3520,-1340,565,336,748,
28305,-6260,-15220,9448,-812,516,-972,579,342,755,
28325,-1744,-3108,11304,-2136,-404,424,572,347,745,
28345,-100,8676,1248,-5052,-540,1652,572,347,745,
28365,24,12852,-12380,-5208,-632,636,571,328,772,
28385,4188,12260,-9788,-2640,-708,-1772,576,347,787,
28405,13688,-5164,-3004,-776,-1484,-3016,559,319,787,
28425,13780,-17992,4976,-1144,1140,-3780,566,361,766,
28445,7360,-7596,5760,-1156,1184,-792,531,355,785,
28465,-2128,6332,3224,-1636,-4060,700,550,361,798,
28485,-6940,11348,-72,-1800,92,456,528,362,759,
28505,960,3248,168,-1396,-400,-1852,557,354,787,
28525,644,3356,-6624,-1056,868,-1360,542,373,787,
28545,-8996,-3792,-9404,-2084,2724,972,569,383,791,
28565,-6140,-6192,5356,-1080,1468,1660,589,379,798,
28585,-5184,7424,7056,1204,44,508,562,366,814,
28605,-10444,12592,9548,2592,-1552,-996,544,367,794,
28625,-748,-2720,4028,4292,-580,-1836,549,366,792,
28645,540,-11972,-6004,4072,2404,-384,550,391,776,
28665,7320,-16908,-11348,2276,3892,464,543,374,787,
28685,11824,-5344,-9460,432,-1960,3496,585,348,760,
28705,12200,15824,1376,1200,-416,2200,548,351,795,
28725,9776,5312,6376,928,-544,-124,546,339,752,
28745,4328,-100,3344,2256,-3292,-88,564,358,749,
28765,-3424,-4260,4056,1848,-3956,24,539,351,714,
28785,-9576,-8596,-1948,552,-816,0,569,360,728,
28805,-22804,-2424,-8960,1204,1848,540,573,353,703,
28825,-4588,12428,-744,1720,3888,-1056,550,332,732,
28845,1700,-2172,7300,-476,576,-244,562,369,751,
28865,-7620,-14504,8824,-1900,-120,1320,562,361,722,
28885,-216,1692,5708,-4056,-948,1520,565,360,764,
28905,2392,8380,-2400,-3652,-1312,-228,570,333,764,
28925,1792,10752,-10028,-2436,-912,-976,584,359,728,
28945,4544,3260,-7764,-48,664,-2952,568,346,753,
28965,15992,-7104,-328,-912,1580,-2256,565,349,788,
28985,10220,-13528,4780,-1692,-684,-908,533,353,782,
29005,1948,-3148,5736,-884,-2336,388,553,362,776,
29025,-5084,9372,3660,-904,-1188,1524,544,371,785,
29045,-4288,9772,-848,-1492,-296,40,552,367,799,
29065,2984,2628,-2240,-736,-396,-1452,553,397,768,
29085,-3388,3928,-15148,-1580,1968,-444,581,390,793,
29105,-13384,-14440,-6468,-2360,1820,1904,576,414,798,
29125,-2556,6832,4644,360,1368,2248,559,383,801,
29145,-5176,16572,9712,1616,864,1196,566,361,818,
29165,-5856,3512,9204,1988,-952,-368,567,341,816,
29185,540,-9388,1984,3032,-840,-2532,582,367,771,
29205,8912,-14792,-1420,2356,0,-2144,560,359,774,
29225,7760,-16136,-7784,320,1548,104,525,384,790,
29245,8388,-3820,-7316,-1504,1836,1388,529,362,832,
29265,10608,10492,-104,-2116,-1452,904,541,381,784,
29285,7624,12092,7292,-776,-168,192,537,370,790,
29305,2508,4268,3800,704,-1704,840,565,365,818,
29325,-6004,-4820,1576,488,-2284,536,546,341,781,
29345,-7444,-8072,1600,-16,-308,1328,581,347,772,
29365,-2968,-3864,-4760,408,480,1180,616,365,759,
29385,-17396,5536,-29104,2808,2800,-1904,592,368,783,
29405,-12756,15696,-1740,296,2196,-1856,582,345,790,
29425,-3624,-10752,1208,-920,1504,-1992,580,372,805,
29445,2044,-15656,11604,-160,1264,-352,557,367,804,
29465,-1024,348,9348,-320,68,1188,559,354,811,
29485,-6692,13984,8372,-472,1220,2560,560,354,839,
29505,7584,11840,-1748,-144,448,1848,545,332,820,
29525,11248,3520,-1824,1664,-948,-648,560,341,813,
29545,11536,-1828,3952,1368,-356,-1748,547,349,824,
29565,10896,-10268,-324,-692,652,-2260,532,365,808,
29585,8456,-4816,-9688,1168,-1620,-1180,556,368,799,
29605,2272,3204,5796,3160,-40,-448,532,380,810,
29625,-140,584,7532,1904,392,52,536,365,770,
29645,340,-3756,2456,-92,-676,212,536,372,789,
29665,1676,-3204,28,-172,-1864,-120,535,393,784,
29685,-1960,252,-2116,320,-3284,-368,510,375,767,
29705,-5036,2420,-1576,-136,-2156,-1080,546,378,742,
29725,-2932,24,-7604,276,396,-1800,523,390,749,
29745,-19616,-20080,-32768,-2196,5524,1224,551,409,780,
29765,2544,56,9356,-2860,1004,2368,560,390,776,
29785,-18400,20264,-2428,-812,-2024,1028,564,358,793,
29805,736,14604,5668,-216,1368,2328,558,361,804,
29825,24,3108,7376,584,348,-552,555,343,834,
29845,-11012,-9892,11828,-1928,-288,-3820,557,352,800,
29865,7340,-20240,132,-428,-1992,-3016,554,389,791,
29885,11956,-804,1956,-1656,-4044,-88,524,397,805,
29905,7392,6060,2712,-2300,-1884,1332,516,392,787,
29925,5560,6084,4772,-1232,284,1504,527,380,788,
29945,7916,2176,-3168,-1460,60,1912,557,356,808,
29965,5928,-2496,-192,-2308,-912,2560,555,363,811,
29985,4444,120,1580,-1580,-972,2008,566,344,783,
30005,4452,2988,1668,-644,-276,1148,549,314,809,
30025,4792,3416,-700,-104,-492,44,575,309,767,
30045,3324,1452,-1808,-68,-2788,200,586,320,790,
30065,-1656,60,-656,-248,-2916,528,572,318,752,
30085,-6532,-1532,2068,-868,-1060,680,584,305,765,
30105,-12340,-1624,-13740,-56,1748,472,570,326,749,
30125,-20592,17284,-13724,3876,3908,-3288,557,344,776,
30145,-3716,-948,5500,632,900,-584,580,371,778,
30165,-13732,-19264,3964,-1144,-740,-164,591,333,762,
30185,2040,-5800,4648,-368,-28,124,585,337,796,
30205,-8492,9344,8120,816,664,1240,583,334,748,
30225,268,14124,6040,1188,624,1232,586,330,746,
30245,5968,2584,668,404,-1964,124,578,316,753,
30265,8124,-11116,1104,-108,-1728,-424,560,325,729,
30285,8504,-9932,1648,-568,-296,-1156,587,313,759,
30305,10076,-3844,-4388,816,812,-1424,595,330,755,
30325,8776,4388,-4784,1012,368,-1812,582,355,751,
30345,8232,3856,640,232,600,-1472,554,333,770,
30365,5536,-248,5248,300,672,-772,548,329,760,
30385,3372,-632,3424,1412,-1700,-196,551,381,749,
30405,1168,2712,-372,2208,-3436,-68,556,368,709,
30425,-1492,2632,-1888,1284,-1668,-704,550,363,684,
30445,-2072,-3916,-3948,1412,-248,-1108,550,350,712,
30465,-15748,-16848,-20860,-924,4944,2056,558,389,694,
30485,-16724,-7740,-6464,-1956,-588,2880,587,381,746,
30505,-19844,19100,-1144,528,-320,944,565,343,722,
30525,-3288,16412,2892,1164,1644,760,561,335,716,
30545,1352,-1388,968,576,1724,-376,588,323,713,
30565,780,-15340,3012,152,772,-700,592,322,732,
30585,11652,-4040,6124,-4944,-140,-2580,557,364,715,
30605,7268,-776,4236,-3888,-3336,-1588,560,380,756,
30625,7268,-776,4236,-2016,-2408,-284,529,379,799,
30645,508,10676,5840,-840,-668,832,515,397,742,
30665,3080,12504,2380,-1024,-280,432,549,376,729,
30685,7824,1816,-512,-100,-588,864,532,385,759,
30705,7200,-2288,392,8,-1224,1128,544,376,764,
30725,5856,-4296,-348,-360,-2084,896,570,378,758,
30745,1612,-4968,-512,-972,-2716,60,560,352,752,
30765,-1476,-3736,-3248,-1200,-1592,-376,550,352,713,
30785,-26168,13668,-32532,2116,2008,-4420,576,374,721,
30805,-22364,22252,11328,12,468,-1908,553,384,706,
30825,-6368,-15540,-2100,620,-816,176,545,427,719,
30845,-64,-13688,2572,784,-436,1232,547,415,712,
30865,-6780,3364,4548,184,-904,536,525,394,676,
30885,-1320,3256,4168,712,-520,136,532,388,701,
30905,5128,-2484,1168,1180,-192,72,544,375,671,
30925,7128,-2484,1168,1560,152,360,528,389,634,
30945,8924,320,80,1768,584,396,506,365,676,
30965,9192,92,2508,1632,504,-152,545,358,682,
30985,9452,-292,2004,1336,1160,-844,543,365,650,
31005,8468,276,1248,1128,1840,-864,537,393,689,
31025,5856,532,1224,1452,1804,-400,538,371,685,
31045,3400,104,572,1624,736,-104,534,356,689,
31065,1052,-472,-180,1460,-860,28,561,366,690,
31085,1052,-472,-180,516,-2692,-168,525,393,708,
31105,-1164,-1436,-20,-44,-1288,-480,521,350,634,
31125,-2632,-1580,548,-4,-180,-464,523,368,628,
31145,-1348,-704,352,448,504,-24,510,383,664,
31165,660,1288,308,988,928,56,503,400,646,
31185,1532,1900,132,1556,452,-92,533,377,639,
31205,1856,1096,-116,440,-708,1264,525,375,635,
31225,-20400,-18712,-23844,-3196,4268,3820,552,346,670,
31245,-14128,-14128,6244,-2000,-1816,772,544,358,665,
31265,-6572,18016,876,-152,-452,148,568,350,640,
31285,-1712,-1688,-172,72,620,196,556,355,675,
31305,-2892,-8960,1792,-128,900,708,572,340,682,
31325,3408,-3692,4920,0,1364,28,567,318,682,
31345,2100,-16,768,-1656,88,-1212,566,338,685,
31365,288,6608,1920,-1456,-208,-872,547,339,660,
31385,2440,5144,1624,-1052,116,-396,530,343,696,
31405,4544,968,2260,-364,440,-368,530,343,696,
31425,3924,-1680,692,-72,504,-412,555,373,701,
31445,4744,-1156,1172,124,268,-464,533,386,729,
31465,5712,-424,1376,168,72,-356,526,381,719,
31485,5808,-292,1384,140,-160,-228,550,340,721,
31505,5564,-420,1608,320,-332,-168,551,382,704,
31525,5000,92,1596,440,-248,72,549,368,723,
31545,4264,200,1328,400,-104,364,543,358,708,
31565,4264,200,1328,8,-220,496,546,355,693,
31585,3288,-16,-32,-12,-876,304,534,362,686,
31605,2624,-116,-24,-16,-612,492,538,384,690,
31625,2252,-352,320,-252,-700,504,559,364,681,
31645,-380,-116,-1672,-292,-1396,196,534,367,643,
31665,-9288,-600,-6324,-116,-708,-44,555,379,663,
31685,-20764,7828,-2792,1516,1460,-852,555,378,687,
31705,-9904,-1816,1728,-860,-224,-364,570,379,676,
31725,-1948,-6720,2280,-1424,-492,-216,550,373,679,
31745,-1040,-2508,2628,-1812,-608,-104,506,376,650,
31765,-4984,2840,1808,-2036,-884,-308,538,385,672,
31785,-1624,5916,548,-1560,-268,-348,546,404,692,
31805,3120,3748,-64,-712,72,-20,529,381,658,
31825,4404,-360,144,-96,-232,308,527,371,681,
31845,4188,-1828,80,164,-380,480,530,381,675,
31865,4268,-1548,32,188,-228,536,530,381,675,
31885,4824,-760,240,96,172,392,538,385,679,
31905,4840,104,228,-12,516,156,543,382,674,
31925,3432,184,-364,-152,472,96,559,351,681,
31945,1480,64,-372,-520,-28,-20,546,376,675,
31965,772,136,-44,-584,44,-208,545,383,714,
31985,1124,516,56,-496,-68,-384,535,367,693,
32005,800,500,668,-316,-204,-400,525,366,697,
32025,176,468,1264,-60,-380,-252,538,355,689,
32045,-416,-408,900,84,-548,-176,518,369,683,
32065,-1348,-1248,232,272,-652,-84,519,381,696,
32085,-2364,-1784,-2248,396,-396,88,525,372,677,
32105,-3224,-620,-3188,464,-84,608,529,370,643,
32125,-2712,456,-668,776,-592,656,538,383,665,
32145,-3772,1732,724,1244,-480,580,523,370,646,
32165,-3784,-272,664,1420,-512,668,535,341,665,
32185,-3228,-2564,548,1424,-304,636,530,342,652,
32205,-1472,-2200,1340,1016,-980,240,546,334,623,
32225,-372,-1568,1408,348,-736,-8,522,344,660,
32245,568,-800,1220,56,-560,-120,526,350,650,
32265,1676,-232,652,-208,-308,-328,530,357,611,
32285,2120,876,12,-332,-192,-504,512,364,621,
32305,2584,1212,-36,-368,-216,-564,528,381,634,
32325,2768,1372,-124,-312,-72,-644,533,353,629,
32345,2848,1032,-216,-144,24,-680,517,375,606,
32365,1896,-120,-44,224,668,-232,529,379,653,
32385,1488,-560,-356,156,468,-12,503,368,646,
32405,1284,-180,36,36,236,44,507,356,647,
32425,524,216,96,-88,160,112,525,359,642,
32445,-860,72,292,56,-120,172,519,349,660,
32465,-1076,564,640,64,-328,224,496,356,646,
32485,-1532,-16,980,-32,-124,184,526,381,638,
32505,-788,-480,700,-48,-84,148,504,380,642,
32525,-500,108,420,100,-320,164,523,369,677,
32545,-752,1060,508,140,-140,60,504,354,650,
32565,-776,440,652,100,-24,-48,518,357,651,
32585,-1076,-716,624,-8,48,-160,505,354,622,
32605,-552,-1424,888,-12,440,-120,506,342,632,
32625,356,-1096,376,-156,816,-52,521,353,649,
32645,716,-800,316,-320,992,60,497,380,632,
32665,232,-56,-100,-532,1112,72,511,358,644,
32685,740,-132,-84,-720,808,-12,514,368,662,
32705,256,36,168,-824,412,-20,545,375,692,
32725,276,272,324,-904,184,-8,520,361,649,
32745,1124,392,148,-836,192,92,527,372,668,
32765,576,820,-216,-656,240,184,540,362,676,
32785,-52,760,440,-596,48,164,531,361,678,
32805,-1360,364,416,-588,-144,156,535,376,657,
32825,-3032,988,-2240,-520,96,24,524,355,696,
32845,-1040,3096,-3976,140,1064,-584,520,375,708,
32865,756,900,-3456,732,776,-236,524,379,705,
32885,364,-2656,-1336,-4,88,612,547,388,702,
32905,-2216,-2572,-920,-616,-308,628,543,370,724,
32925,-1508,-584,-364,-1072,-268,80,554,402,709,
32945,700,384,-960,-1096,248,-308,540,380,716,
32965,2452,2148,-1844,-784,324,-428,543,391,720,
32985,1952,2952,-1268,-336,28,-464,544,367,713,
33005,1128,748,-296,44,-92,-400,538,381,736,
33025,-696,-1204,836,280,316,40,545,405,723,
33045,-1296,-600,508,232,604,456,532,360,706,
33065,-1004,172,444,36,492,496,560,394,707,
33085,-412,344,248,-148,292,136,554,380,726,
33105,852,-104,312,-144,84,-132,542,374,719,
33125,1352,-416,660,24,-20,-152,534,365,747,
33145,1416,-564,856,336,-60,-48,525,396,708,
33165,1464,-176,1160,580,-192,-20,541,360,708,
33185,1028,-64,900,692,-180,-52,538,373,704,
33205,556,-1304,-152,564,-68,-24,542,374,685,
33225,-704,-2076,272,320,68,-64,531,395,718,
33245,-104,-1404,-604,112,-20,-332,538,398,744,
33265,-712,-340,-480,112,-48,-212,559,379,750,
33285,-1628,152,-428,72,-24,48,547,379,717,
33305,-2480,-216,-844,-48,460,-92,547,399,722,
33325,-1076,-480,-1072,-332,248,-188,547,407,716,
33345,-24,424,-528,-532,-556,-28,539,375,720,
33365,736,1428,84,-228,-568,400,536,365,701,
33385,748,1252,284,-136,-236,248,530,370,720,
33405,592,240,-56,-180,-240,104,541,386,707,
33425,-188,-248,-392,-340,-616,48,551,358,693,
33445,-516,-180,380,-540,-1100,-180,511,348,688,
33465,128,-724,1344,-596,-888,-348,517,380,699,
33485,808,-564,1148,-688,-492,-364,521,366,686,
33505,852,-80,588,-748,-320,-304,519,378,697,
33525,572,80,508,-764,-376,-324,496,369,699,
33545,664,-784,-72,-492,68,-68,499,381,691,
33565,-152,596,128,-524,-228,-288,514,380,725,
33585,220,152,264,-456,-128,-200,490,384,705,
33605,-480,-60,268,-300,8,-16,501,373,694,
33625,-796,-156,556,-164,108,84,507,386,710,
33645,-656,-244,516,-68,348,188,531,399,706,
33665,-532,-240,412,44,576,372,545,402,717,
33685,-300,420,-288,80,780,440,532,403,711,
33705,-148,648,-352,56,748,380,527,399,735,
33725,-124,524,-308,40,412,204,554,397,706,
33745,-128,432,-432,72,176,88,528,391,720,
33765,272,328,-268,116,36,44,527,386,717,
33785,484,128,-64,196,84,68,531,380,746,
33805,352,84,192,296,300,132,535,372,768,
33825,28,-24,204,344,472,264,545,372,734,
33845,-188,-500,-248,404,468,472,546,385,710,
33865,-588,-28,-292,384,344,548,551,372,745,
33885,-672,764,-68,288,52,288,551,383,714,
33905,224,344,280,240,60,180,534,384,742,
33925,420,192,180,180,176,136,537,379,723,
33945,436,-412,-44,220,308,220,545,382,772,
33965,888,-136,-72,272,316,212,562,367,707,
33985,-56,-100,412,204,396,48,524,368,717,
34005,216,564,-684,64,372,-4,532,361,726,
34025,-112,572,-344,36,68,-188,533,365,762,
34045,104,-80,184,-92,512,-748,530,357,755,
34065,112,-1068,-880,-60,344,-300,559,343,763,
34085,-268,-56,-84,-112,300,-112,536,369,783,
34105,-232,292,-184,-204,216,-184,538,357,758,
34125,-276,40,80,-316,100,-92,511,376,742,
34145,-32,-204,-88,-308,-132,-28,545,360,785,
34165,-108,-72,-288,-364,-376,-116,527,349,772,
34185,152,484,-576,-508,-784,-276,537,359,746,
34205,376,124,416,-608,-568,-244,548,356,753,
34225,-228,-656,516,-492,-148,-84,532,382,742,
34245,100,20,-108,-492,-16,-172,510,371,764,
34265,-292,-28,100,-420,84,-192,530,381,722,
34285,-304,-4,-16,-316,192,-252,539,369,724,
34305,-236,-144,-280,-164,320,-308,540,391,764,
34325,-240,-488,-4,24,492,-184,524,378,781,
34345,-264,-44,-608,68,224,-64,528,382,766,
34365,-316,120,-128,52,88,-68,498,383,746,
34385,340,140,-144,44,144,-164,529,393,739,
34405,668,-936,-112,180,248,84,548,393,748,
34425,944,-612,220,272,844,264,547,394,788,
34445,92,548,240,240,832,44,546,387,780,
34465,-268,8,-140,216,148,-80,545,383,794,
34485,-268,8,124,248,-236,-148,529,379,779,
34505,-244,-144,124,380,-348,-132,525,389,772,
34525,-56,744,384,312,-216,-88,551,404,790,
34545,-240,156,244,-196,-204,-8,532,405,780,
34565,-316,-1364,-320,24,72,72,508,397,778,
34585,48,-764,116,148,72,324,524,405,724,
34605,244,-388,-68,332,244,508,528,399,763,
34625,-556,852,192,296,172,376,530,400,752,
34645,-460,2396,256,112,672,-288,541,389,755,
34665,712,-900,36,-48,224,12,523,397,757,
34685,348,-428,-204,-92,292,92,547,377,775,
34705,-336,188,-272,-60,92,-32,515,388,764,
34725,-132,428,-92,-12,-16,-88,519,395,770,
34745,24,64,-128,-8,0,-100,524,392,751,
34765,124,-224,16,-32,128,-36,518,384,749,
34785,312,-20,-308,-24,100,0,526,369,758,
34805,76,232,-176,-28,108,-76,541,377,778,
34825,268,-196,-384,12,-48,-8,549,366,777,
34845,24,28,364,52,-136,96,552,386,775,
34865,388,-220,-40,-12,-236,60,552,381,780,
34885,284,228,-8,-96,-196,168,537,382,792,
34905,-136,192,-140,-88,-188,172,567,367,785,
34925,-40,-4,36,-24,-120,52,535,390,775,
34945,-148,-32,256,12,-124,-36,522,367,768,
34965,-148,-32,256,40,-124,-24,558,396,757,
34985,-320,44,164,40,-80,-20,549,384,767,
35005,-228,196,184,-8,-24,-48,545,400,756,
35025,-72,104,16,-32,32,-116,544,405,783,
35045,48,-168,-48,-56,60,-164,543,385,776,
35065,0,-168,-76,-84,52,-184,557,387,759,
35085,-40,-56,-44,-40,92,-176,527,382,758,
35105,-36,-76,-8,-8,132,-132,534,389,770,
35125,-44,-300,-56,8,136,-92,527,379,747,
35145,132,-104,-124,0,148,-96,540,377,754,
35165,60,64,56,-16,116,-84,537,405,756,
35185,-124,168,-92,-4,112,-44,547,406,761,
35205,-136,84,-72,24,120,-12,539,382,767,
35225,52,64,-40,12,120,-8,525,401,778,
35245,76,148,44,-28,112,-32,558,407,783,
35265,240,144,16,-24,152,-28,565,381,793,
35285,268,152,-92,-48,172,-20,565,381,793,
35305,-76,184,-16,-136,136,-24,536,358,773,
35325,-392,212,28,-160,76,4,523,399,776,
35345,-164,288,-144,-144,52,48,539,391,796,
35365,-84,408,-376,-172,72,0,556,389,783,
35385,-208,288,-120,-252,-20,-104,526,390,748,
35405,40,204,24,-284,-144,-156,517,393,794,
35425,368,96,56,-328,-200,-192,537,392,797,
35445,368,96,56,-468,-216,-276,524,416,775,
35465,216,56,292,-640,-152,-364,531,402,797,
35485,-244,-144,360,-684,-176,-440,519,404,779,
